Device_id,Model ID,Task ID,Stream ID,Op Name,OP Type,OP State,Task Type,Task Start Time(us),Task Duration(us),Task Wait Time(us),Block Num,Mix Block Num,HF32 Eligible,Input Shapes,Input Data Types,Input Formats,Output Shapes,Output Data Types,Output Formats,Context ID,aicore_time(us),aic_total_cycles,aic_mac_time(us),aic_mac_ratio,aic_scalar_time(us),aic_scalar_ratio,aic_mte1_time(us),aic_mte1_ratio,aic_mte2_time(us),aic_mte2_ratio,aic_mte3_time(us),aic_mte3_ratio,aic_fixpipe_time(us),aic_fixpipe_ratio,aic_icache_miss_rate,aiv_time(us),aiv_total_cycles,aiv_vec_time(us),aiv_vec_ratio,aiv_scalar_time(us),aiv_scalar_ratio,aiv_mte2_time(us),aiv_mte2_ratio,aiv_mte3_time(us),aiv_mte3_ratio,aiv_icache_miss_rate,cube_utilization(%)
0,4294967295,3,58,_ZN4M15L23m15_layer_kernel_gdn_hcEPhS0_S0_S0_S0_S0_S0_S0_S0_S0_S0_S0_S0_S0_S0_S0_S0_S0_S0_S0_S0_S0_S0_S0_S0_S0_S0_S0_S0_S0_S0_S0_S0_S0_S0_S0_S0_S0_S0_S0_S0_S0_jjjjjj,_ZN4M15L23m15_layer_kernel_gdn_hcEPhS0_S0_S0_S0_S0_S0_S0_S0_S0_S0_S0_S0_S0_S0_S0_S0_S0_S0_S0_S0_S0_S0_S0_S0_S0_S0_S0_S0_S0_S0_S0_S0_S0_S0_S0_S0_S0_S0_S0_S0_S0_jjjjjj,dynamic,MIX_AIC,1790434694399709.372	,106195837.283,0,28,56,NO,N/A,N/A,N/A,N/A,N/A,N/A,N/A,355.35,16147449,21.707,0.061,11.959,0.034,21.2,0.06,127.794,0.36,0.001,0.0,3.751,0.011,0.008,355.37,32456562,2.241,0.006,4.329,0.012,12.877,0.036,4.434,0.012,0.12,0.000
0,4294967295,4,58,_ZN4M15L23m15_layer_kernel_gdn_hcEPhS0_S0_S0_S0_S0_S0_S0_S0_S0_S0_S0_S0_S0_S0_S0_S0_S0_S0_S0_S0_S0_S0_S0_S0_S0_S0_S0_S0_S0_S0_S0_S0_S0_S0_S0_S0_S0_S0_S0_S0_S0_jjjjjj,_ZN4M15L23m15_layer_kernel_gdn_hcEPhS0_S0_S0_S0_S0_S0_S0_S0_S0_S0_S0_S0_S0_S0_S0_S0_S0_S0_S0_S0_S0_S0_S0_S0_S0_S0_S0_S0_S0_S0_S0_S0_S0_S0_S0_S0_S0_S0_S0_S0_S0_jjjjjj,dynamic,MIX_AIC,1790434800596632.935	,360.502,1086.467000,28,56,NO,N/A,N/A,N/A,N/A,N/A,N/A,N/A,360.17,16518540,21.528,0.06,11.31,0.031,21.199,0.059,129.324,0.359,0.001,0.0,3.414,0.009,0.0,360.19,33150833,2.531,0.007,5.028,0.014,13.607,0.038,6.716,0.019,0.089,99.180
0,4294967295,5,58,_ZN4M15L23m15_layer_kernel_gdn_hcEPhS0_S0_S0_S0_S0_S0_S0_S0_S0_S0_S0_S0_S0_S0_S0_S0_S0_S0_S0_S0_S0_S0_S0_S0_S0_S0_S0_S0_S0_S0_S0_S0_S0_S0_S0_S0_S0_S0_S0_S0_S0_jjjjjj,_ZN4M15L23m15_layer_kernel_gdn_hcEPhS0_S0_S0_S0_S0_S0_S0_S0_S0_S0_S0_S0_S0_S0_S0_S0_S0_S0_S0_S0_S0_S0_S0_S0_S0_S0_S0_S0_S0_S0_S0_S0_S0_S0_S0_S0_S0_S0_S0_S0_S0_jjjjjj,dynamic,MIX_AIC,1790434800597787.407	,355.931,793.998000,28,56,NO,N/A,N/A,N/A,N/A,N/A,N/A,N/A,355.58,16307497,21.547,0.061,11.628,0.033,21.14,0.059,129.414,0.364,0.001,0.0,3.527,0.01,0.0,355.6,32752140,2.525,0.007,4.868,0.014,13.029,0.037,6.662,0.019,0.081,99.170
0,4294967295,6,58,_ZN4M15L24m15_layer_kernel_attn_hcEPhS0_S0_S0_S0_S0_S0_S0_S0_S0_S0_S0_S0_S0_S0_S0_S0_S0_S0_S0_S0_S0_S0_S0_S0_S0_S0_S0_S0_S0_S0_S0_S0_S0_S0_S0_S0_S0_S0_S0_S0_S0_jjjjjj,_ZN4M15L24m15_layer_kernel_attn_hcEPhS0_S0_S0_S0_S0_S0_S0_S0_S0_S0_S0_S0_S0_S0_S0_S0_S0_S0_S0_S0_S0_S0_S0_S0_S0_S0_S0_S0_S0_S0_S0_S0_S0_S0_S0_S0_S0_S0_S0_S0_S0_jjjjjj,dynamic,MIX_AIC,1790434800598741.452	,214.926,598.069000,28,56,NO,N/A,N/A,N/A,N/A,N/A,N/A,N/A,214.57,9772782,5.663,0.026,6.94,0.032,5.751,0.027,31.587,0.147,0.001,0.0,2.039,0.01,0.009,214.6,19738561,0.978,0.005,5.401,0.025,7.275,0.034,5.224,0.024,0.092,98.421
0,4294967295,7,58,_ZN4M15L23m15_layer_kernel_gdn_hcEPhS0_S0_S0_S0_S0_S0_S0_S0_S0_S0_S0_S0_S0_S0_S0_S0_S0_S0_S0_S0_S0_S0_S0_S0_S0_S0_S0_S0_S0_S0_S0_S0_S0_S0_S0_S0_S0_S0_S0_S0_S0_jjjjjj,_ZN4M15L23m15_layer_kernel_gdn_hcEPhS0_S0_S0_S0_S0_S0_S0_S0_S0_S0_S0_S0_S0_S0_S0_S0_S0_S0_S0_S0_S0_S0_S0_S0_S0_S0_S0_S0_S0_S0_S0_S0_S0_S0_S0_S0_S0_S0_S0_S0_S0_jjjjjj,dynamic,MIX_AIC,1790434800599829.452	,355.240,873.074000,28,56,NO,N/A,N/A,N/A,N/A,N/A,N/A,N/A,354.9,16287549,21.47,0.06,11.673,0.033,21.205,0.06,129.825,0.366,0.001,0.0,3.537,0.01,0.0,354.93,32701223,2.523,0.007,5.214,0.015,13.5,0.038,6.753,0.019,0.11,99.241
0,4294967295,8,58,_ZN4M15L23m15_layer_kernel_gdn_hcEPhS0_S0_S0_S0_S0_S0_S0_S0_S0_S0_S0_S0_S0_S0_S0_S0_S0_S0_S0_S0_S0_S0_S0_S0_S0_S0_S0_S0_S0_S0_S0_S0_S0_S0_S0_S0_S0_S0_S0_S0_S0_jjjjjj,_ZN4M15L23m15_layer_kernel_gdn_hcEPhS0_S0_S0_S0_S0_S0_S0_S0_S0_S0_S0_S0_S0_S0_S0_S0_S0_S0_S0_S0_S0_S0_S0_S0_S0_S0_S0_S0_S0_S0_S0_S0_S0_S0_S0_S0_S0_S0_S0_S0_S0_jjjjjj,dynamic,MIX_AIC,1790434800600779.325	,361.796,594.510000,28,56,NO,N/A,N/A,N/A,N/A,N/A,N/A,N/A,361.46,16590426,21.541,0.06,11.357,0.031,21.243,0.059,133.945,0.371,0.001,0.0,3.542,0.01,0.0,361.49,33308193,2.525,0.007,5.077,0.014,13.486,0.037,6.178,0.017,0.088,99.255
0,4294967295,9,58,_ZN4M15L23m15_layer_kernel_gdn_hcEPhS0_S0_S0_S0_S0_S0_S0_S0_S0_S0_S0_S0_S0_S0_S0_S0_S0_S0_S0_S0_S0_S0_S0_S0_S0_S0_S0_S0_S0_S0_S0_S0_S0_S0_S0_S0_S0_S0_S0_S0_S0_jjjjjj,_ZN4M15L23m15_layer_kernel_gdn_hcEPhS0_S0_S0_S0_S0_S0_S0_S0_S0_S0_S0_S0_S0_S0_S0_S0_S0_S0_S0_S0_S0_S0_S0_S0_S0_S0_S0_S0_S0_S0_S0_S0_S0_S0_S0_S0_S0_S0_S0_S0_S0_jjjjjj,dynamic,MIX_AIC,1790434800601750.450	,349.566,609.454000,28,56,NO,N/A,N/A,N/A,N/A,N/A,N/A,N/A,349.2,16015806,21.491,0.062,11.588,0.033,21.079,0.06,125.969,0.361,0.001,0.0,3.488,0.01,0.0,349.22,32164322,2.524,0.007,5.103,0.015,13.405,0.038,6.117,0.018,0.087,99.169
0,4294967295,10,58,_ZN4M15L24m15_layer_kernel_attn_hcEPhS0_S0_S0_S0_S0_S0_S0_S0_S0_S0_S0_S0_S0_S0_S0_S0_S0_S0_S0_S0_S0_S0_S0_S0_S0_S0_S0_S0_S0_S0_S0_S0_S0_S0_S0_S0_S0_S0_S0_S0_S0_jjjjjj,_ZN4M15L24m15_layer_kernel_attn_hcEPhS0_S0_S0_S0_S0_S0_S0_S0_S0_S0_S0_S0_S0_S0_S0_S0_S0_S0_S0_S0_S0_S0_S0_S0_S0_S0_S0_S0_S0_S0_S0_S0_S0_S0_S0_S0_S0_S0_S0_S0_S0_jjjjjj,dynamic,MIX_AIC,1790434800602696.370	,214.070,596.184000,28,56,NO,N/A,N/A,N/A,N/A,N/A,N/A,N/A,213.7,9733555,5.624,0.026,6.754,0.032,5.751,0.027,31.472,0.147,0.001,0.0,1.969,0.009,0.0,213.73,19657225,0.98,0.005,5.22,0.024,6.541,0.031,5.666,0.027,0.101,98.418
0,4294967295,11,58,_ZN4M15L23m15_layer_kernel_gdn_hcEPhS0_S0_S0_S0_S0_S0_S0_S0_S0_S0_S0_S0_S0_S0_S0_S0_S0_S0_S0_S0_S0_S0_S0_S0_S0_S0_S0_S0_S0_S0_S0_S0_S0_S0_S0_S0_S0_S0_S0_S0_S0_jjjjjj,_ZN4M15L23m15_layer_kernel_gdn_hcEPhS0_S0_S0_S0_S0_S0_S0_S0_S0_S0_S0_S0_S0_S0_S0_S0_S0_S0_S0_S0_S0_S0_S0_S0_S0_S0_S0_S0_S0_S0_S0_S0_S0_S0_S0_S0_S0_S0_S0_S0_S0_jjjjjj,dynamic,MIX_AIC,1790434800603516.985	,356.872,606.680000,28,56,NO,N/A,N/A,N/A,N/A,N/A,N/A,N/A,356.55,16352144,21.508,0.06,11.406,0.032,21.128,0.059,130.449,0.366,0.001,0.0,3.48,0.01,0.0,356.57,32839795,2.525,0.007,5.259,0.015,13.622,0.038,6.806,0.019,0.11,99.179
0,4294967295,12,58,_ZN4M15L23m15_layer_kernel_gdn_hcEPhS0_S0_S0_S0_S0_S0_S0_S0_S0_S0_S0_S0_S0_S0_S0_S0_S0_S0_S0_S0_S0_S0_S0_S0_S0_S0_S0_S0_S0_S0_S0_S0_S0_S0_S0_S0_S0_S0_S0_S0_S0_jjjjjj,_ZN4M15L23m15_layer_kernel_gdn_hcEPhS0_S0_S0_S0_S0_S0_S0_S0_S0_S0_S0_S0_S0_S0_S0_S0_S0_S0_S0_S0_S0_S0_S0_S0_S0_S0_S0_S0_S0_S0_S0_S0_S0_S0_S0_S0_S0_S0_S0_S0_S0_jjjjjj,dynamic,MIX_AIC,1790434800604729.406	,355.056,855.628000,28,56,NO,N/A,N/A,N/A,N/A,N/A,N/A,N/A,354.73,16270370,21.476,0.061,11.751,0.033,21.095,0.059,129.08,0.364,0.001,0.0,3.472,0.01,0.0,354.75,32687677,2.524,0.007,5.024,0.014,13.15,0.037,6.556,0.018,0.088,99.188
0,4294967295,13,58,_ZN4M15L23m15_layer_kernel_gdn_hcEPhS0_S0_S0_S0_S0_S0_S0_S0_S0_S0_S0_S0_S0_S0_S0_S0_S0_S0_S0_S0_S0_S0_S0_S0_S0_S0_S0_S0_S0_S0_S0_S0_S0_S0_S0_S0_S0_S0_S0_S0_S0_jjjjjj,_ZN4M15L23m15_layer_kernel_gdn_hcEPhS0_S0_S0_S0_S0_S0_S0_S0_S0_S0_S0_S0_S0_S0_S0_S0_S0_S0_S0_S0_S0_S0_S0_S0_S0_S0_S0_S0_S0_S0_S0_S0_S0_S0_S0_S0_S0_S0_S0_S0_S0_jjjjjj,dynamic,MIX_AIC,1790434800605683.988	,364.128,599.444000,28,56,NO,N/A,N/A,N/A,N/A,N/A,N/A,N/A,363.76,16701511,21.462,0.059,12.259,0.034,21.106,0.058,131.734,0.362,0.001,0.0,3.389,0.009,0.0,363.79,33520937,2.521,0.007,5.519,0.015,13.653,0.038,6.655,0.018,0.087,99.280
0,4294967295,14,58,_ZN4M15L24m15_layer_kernel_attn_hcEPhS0_S0_S0_S0_S0_S0_S0_S0_S0_S0_S0_S0_S0_S0_S0_S0_S0_S0_S0_S0_S0_S0_S0_S0_S0_S0_S0_S0_S0_S0_S0_S0_S0_S0_S0_S0_S0_S0_S0_S0_S0_jjjjjj,_ZN4M15L24m15_layer_kernel_attn_hcEPhS0_S0_S0_S0_S0_S0_S0_S0_S0_S0_S0_S0_S0_S0_S0_S0_S0_S0_S0_S0_S0_S0_S0_S0_S0_S0_S0_S0_S0_S0_S0_S0_S0_S0_S0_S0_S0_S0_S0_S0_S0_jjjjjj,dynamic,MIX_AIC,1790434800606650.450	,213.295,602.372000,28,56,NO,N/A,N/A,N/A,N/A,N/A,N/A,N/A,212.93,9696339,5.605,0.026,6.889,0.032,5.752,0.027,32.027,0.15,0.001,0.0,2.014,0.009,0.0,212.95,19588427,0.978,0.005,5.396,0.025,6.99,0.033,5.415,0.025,0.103,98.398
0,4294967295,15,58,_ZN4M15L23m15_layer_kernel_gdn_hcEPhS0_S0_S0_S0_S0_S0_S0_S0_S0_S0_S0_S0_S0_S0_S0_S0_S0_S0_S0_S0_S0_S0_S0_S0_S0_S0_S0_S0_S0_S0_S0_S0_S0_S0_S0_S0_S0_S0_S0_S0_S0_jjjjjj,_ZN4M15L23m15_layer_kernel_gdn_hcEPhS0_S0_S0_S0_S0_S0_S0_S0_S0_S0_S0_S0_S0_S0_S0_S0_S0_S0_S0_S0_S0_S0_S0_S0_S0_S0_S0_S0_S0_S0_S0_S0_S0_S0_S0_S0_S0_S0_S0_S0_S0_jjjjjj,dynamic,MIX_AIC,1790434800607486.945	,357.294,623.205000,28,56,NO,N/A,N/A,N/A,N/A,N/A,N/A,N/A,356.97,16381715,21.436,0.06,11.385,0.032,21.198,0.059,130.261,0.365,0.001,0.0,3.5,0.01,0.0,356.99,32892309,2.524,0.007,5.322,0.015,14.069,0.039,6.379,0.018,0.11,99.241
0,4294967295,16,58,_ZN4M15L23m15_layer_kernel_gdn_hcEPhS0_S0_S0_S0_S0_S0_S0_S0_S0_S0_S0_S0_S0_S0_S0_S0_S0_S0_S0_S0_S0_S0_S0_S0_S0_S0_S0_S0_S0_S0_S0_S0_S0_S0_S0_S0_S0_S0_S0_S0_S0_jjjjjj,_ZN4M15L23m15_layer_kernel_gdn_hcEPhS0_S0_S0_S0_S0_S0_S0_S0_S0_S0_S0_S0_S0_S0_S0_S0_S0_S0_S0_S0_S0_S0_S0_S0_S0_S0_S0_S0_S0_S0_S0_S0_S0_S0_S0_S0_S0_S0_S0_S0_S0_jjjjjj,dynamic,MIX_AIC,1790434800608711.730	,360.601,867.456000,28,56,NO,N/A,N/A,N/A,N/A,N/A,N/A,N/A,360.27,16534522,21.502,0.06,11.232,0.031,21.177,0.059,132.337,0.367,0.001,0.0,3.416,0.009,0.0,360.3,33199686,2.524,0.007,4.972,0.014,14.008,0.039,6.803,0.019,0.088,99.248
0,4294967295,17,58,_ZN4M15L23m15_layer_kernel_gdn_hcEPhS0_S0_S0_S0_S0_S0_S0_S0_S0_S0_S0_S0_S0_S0_S0_S0_S0_S0_S0_S0_S0_S0_S0_S0_S0_S0_S0_S0_S0_S0_S0_S0_S0_S0_S0_S0_S0_S0_S0_S0_S0_jjjjjj,_ZN4M15L23m15_layer_kernel_gdn_hcEPhS0_S0_S0_S0_S0_S0_S0_S0_S0_S0_S0_S0_S0_S0_S0_S0_S0_S0_S0_S0_S0_S0_S0_S0_S0_S0_S0_S0_S0_S0_S0_S0_S0_S0_S0_S0_S0_S0_S0_S0_S0_jjjjjj,dynamic,MIX_AIC,1790434800609649.130	,357.254,576.899000,28,56,NO,N/A,N/A,N/A,N/A,N/A,N/A,N/A,356.87,16377556,21.505,0.06,11.526,0.032,21.087,0.059,128.574,0.36,0.001,0.0,3.493,0.01,0.0,356.89,32884481,2.523,0.007,5.01,0.014,13.163,0.037,6.964,0.02,0.086,99.227
0,4294967295,18,58,_ZN4M15L24m15_layer_kernel_attn_hcEPhS0_S0_S0_S0_S0_S0_S0_S0_S0_S0_S0_S0_S0_S0_S0_S0_S0_S0_S0_S0_S0_S0_S0_S0_S0_S0_S0_S0_S0_S0_S0_S0_S0_S0_S0_S0_S0_S0_S0_S0_S0_jjjjjj,_ZN4M15L24m15_layer_kernel_attn_hcEPhS0_S0_S0_S0_S0_S0_S0_S0_S0_S0_S0_S0_S0_S0_S0_S0_S0_S0_S0_S0_S0_S0_S0_S0_S0_S0_S0_S0_S0_S0_S0_S0_S0_S0_S0_S0_S0_S0_S0_S0_S0_jjjjjj,dynamic,MIX_AIC,1790434800610620.289	,215.751,613.746000,28,56,NO,N/A,N/A,N/A,N/A,N/A,N/A,N/A,215.36,9807479,5.666,0.026,6.902,0.032,5.744,0.027,32.13,0.149,0.001,0.0,2.124,0.01,0.0,215.39,19799083,0.978,0.005,5.288,0.025,7.537,0.035,5.712,0.027,0.103,98.393
0,4294967295,19,58,_ZN4M15L23m15_layer_kernel_gdn_hcEPhS0_S0_S0_S0_S0_S0_S0_S0_S0_S0_S0_S0_S0_S0_S0_S0_S0_S0_S0_S0_S0_S0_S0_S0_S0_S0_S0_S0_S0_S0_S0_S0_S0_S0_S0_S0_S0_S0_S0_S0_S0_jjjjjj,_ZN4M15L23m15_layer_kernel_gdn_hcEPhS0_S0_S0_S0_S0_S0_S0_S0_S0_S0_S0_S0_S0_S0_S0_S0_S0_S0_S0_S0_S0_S0_S0_S0_S0_S0_S0_S0_S0_S0_S0_S0_S0_S0_S0_S0_S0_S0_S0_S0_S0_jjjjjj,dynamic,MIX_AIC,1790434800611432.745	,354.230,596.749000,28,56,NO,N/A,N/A,N/A,N/A,N/A,N/A,N/A,353.52,16229173,21.459,0.061,11.471,0.032,21.138,0.06,130.438,0.369,0.001,0.0,3.529,0.01,0.0,353.54,32575656,2.527,0.007,5.156,0.015,13.456,0.038,6.906,0.02,0.11,99.167
0,4294967295,20,58,_ZN4M15L23m15_layer_kernel_gdn_hcEPhS0_S0_S0_S0_S0_S0_S0_S0_S0_S0_S0_S0_S0_S0_S0_S0_S0_S0_S0_S0_S0_S0_S0_S0_S0_S0_S0_S0_S0_S0_S0_S0_S0_S0_S0_S0_S0_S0_S0_S0_S0_jjjjjj,_ZN4M15L23m15_layer_kernel_gdn_hcEPhS0_S0_S0_S0_S0_S0_S0_S0_S0_S0_S0_S0_S0_S0_S0_S0_S0_S0_S0_S0_S0_S0_S0_S0_S0_S0_S0_S0_S0_S0_S0_S0_S0_S0_S0_S0_S0_S0_S0_S0_S0_jjjjjj,dynamic,MIX_AIC,1790434800612385.182	,358.673,598.270000,28,56,NO,N/A,N/A,N/A,N/A,N/A,N/A,N/A,358.33,16445126,21.479,0.06,11.513,0.032,21.195,0.059,131.358,0.367,0.001,0.0,3.491,0.01,0.0,358.36,33020449,2.523,0.007,5.053,0.014,13.479,0.038,6.577,0.018,0.088,99.242
0,4294967295,21,58,_ZN4M15L23m15_layer_kernel_gdn_hcEPhS0_S0_S0_S0_S0_S0_S0_S0_S0_S0_S0_S0_S0_S0_S0_S0_S0_S0_S0_S0_S0_S0_S0_S0_S0_S0_S0_S0_S0_S0_S0_S0_S0_S0_S0_S0_S0_S0_S0_S0_S0_jjjjjj,_ZN4M15L23m15_layer_kernel_gdn_hcEPhS0_S0_S0_S0_S0_S0_S0_S0_S0_S0_S0_S0_S0_S0_S0_S0_S0_S0_S0_S0_S0_S0_S0_S0_S0_S0_S0_S0_S0_S0_S0_S0_S0_S0_S0_S0_S0_S0_S0_S0_S0_jjjjjj,dynamic,MIX_AIC,1790434800613590.900	,354.175,847.077000,28,56,NO,N/A,N/A,N/A,N/A,N/A,N/A,N/A,353.84,16242654,21.469,0.061,11.229,0.032,21.132,0.06,129.192,0.365,0.001,0.0,3.504,0.01,0.0,353.86,32604014,2.521,0.007,4.95,0.014,14.192,0.04,6.521,0.018,0.087,99.265
0,4294967295,22,58,_ZN4M15L24m15_layer_kernel_attn_hcEPhS0_S0_S0_S0_S0_S0_S0_S0_S0_S0_S0_S0_S0_S0_S0_S0_S0_S0_S0_S0_S0_S0_S0_S0_S0_S0_S0_S0_S0_S0_S0_S0_S0_S0_S0_S0_S0_S0_S0_S0_S0_jjjjjj,_ZN4M15L24m15_layer_kernel_attn_hcEPhS0_S0_S0_S0_S0_S0_S0_S0_S0_S0_S0_S0_S0_S0_S0_S0_S0_S0_S0_S0_S0_S0_S0_S0_S0_S0_S0_S0_S0_S0_S0_S0_S0_S0_S0_S0_S0_S0_S0_S0_S0_jjjjjj,dynamic,MIX_AIC,1790434800614548.064	,215.236,602.825000,28,56,NO,N/A,N/A,N/A,N/A,N/A,N/A,N/A,214.9,9787404,5.609,0.026,6.985,0.033,5.754,0.027,31.944,0.149,0.001,0.0,1.973,0.009,0.0,214.92,19772468,0.978,0.005,5.46,0.025,7.533,0.035,5.125,0.024,0.103,98.426
0,4294967295,23,58,_ZN4M15L23m15_layer_kernel_gdn_hcEPhS0_S0_S0_S0_S0_S0_S0_S0_S0_S0_S0_S0_S0_S0_S0_S0_S0_S0_S0_S0_S0_S0_S0_S0_S0_S0_S0_S0_S0_S0_S0_S0_S0_S0_S0_S0_S0_S0_S0_S0_S0_jjjjjj,_ZN4M15L23m15_layer_kernel_gdn_hcEPhS0_S0_S0_S0_S0_S0_S0_S0_S0_S0_S0_S0_S0_S0_S0_S0_S0_S0_S0_S0_S0_S0_S0_S0_S0_S0_S0_S0_S0_S0_S0_S0_S0_S0_S0_S0_S0_S0_S0_S0_S0_jjjjjj,dynamic,MIX_AIC,1790434800615358.434	,357.020,595.264000,28,56,NO,N/A,N/A,N/A,N/A,N/A,N/A,N/A,356.68,16373447,21.461,0.06,11.677,0.033,21.089,0.059,130.792,0.367,0.001,0.0,3.499,0.01,0.0,356.7,32864832,2.523,0.007,5.52,0.015,13.772,0.039,6.234,0.017,0.111,99.267
0,4294967295,24,58,_ZN4M15L23m15_layer_kernel_gdn_hcEPhS0_S0_S0_S0_S0_S0_S0_S0_S0_S0_S0_S0_S0_S0_S0_S0_S0_S0_S0_S0_S0_S0_S0_S0_S0_S0_S0_S0_S0_S0_S0_S0_S0_S0_S0_S0_S0_S0_S0_S0_S0_jjjjjj,_ZN4M15L23m15_layer_kernel_gdn_hcEPhS0_S0_S0_S0_S0_S0_S0_S0_S0_S0_S0_S0_S0_S0_S0_S0_S0_S0_S0_S0_S0_S0_S0_S0_S0_S0_S0_S0_S0_S0_S0_S0_S0_S0_S0_S0_S0_S0_S0_S0_S0_jjjjjj,dynamic,MIX_AIC,1790434800616316.488	,359.736,600.980000,28,56,NO,N/A,N/A,N/A,N/A,N/A,N/A,N/A,359.39,16495196,21.495,0.06,11.656,0.032,21.153,0.059,131.9,0.367,0.001,0.0,3.478,0.01,0.0,359.42,33119548,2.523,0.007,5.215,0.015,13.674,0.038,6.774,0.019,0.089,99.250
0,4294967295,25,58,_ZN4M15L23m15_layer_kernel_gdn_hcEPhS0_S0_S0_S0_S0_S0_S0_S0_S0_S0_S0_S0_S0_S0_S0_S0_S0_S0_S0_S0_S0_S0_S0_S0_S0_S0_S0_S0_S0_S0_S0_S0_S0_S0_S0_S0_S0_S0_S0_S0_S0_jjjjjj,_ZN4M15L23m15_layer_kernel_gdn_hcEPhS0_S0_S0_S0_S0_S0_S0_S0_S0_S0_S0_S0_S0_S0_S0_S0_S0_S0_S0_S0_S0_S0_S0_S0_S0_S0_S0_S0_S0_S0_S0_S0_S0_S0_S0_S0_S0_S0_S0_S0_S0_jjjjjj,dynamic,MIX_AIC,1790434800617577.296	,356.304,901.014000,28,56,NO,N/A,N/A,N/A,N/A,N/A,N/A,N/A,355.95,16339667,21.525,0.06,11.607,0.033,21.166,0.059,132.367,0.372,0.001,0.0,3.286,0.009,0.0,355.97,32797163,2.52,0.007,4.998,0.014,12.755,0.036,6.846,0.019,0.086,99.261
0,4294967295,26,58,_ZN4M15L24m15_layer_kernel_attn_hcEPhS0_S0_S0_S0_S0_S0_S0_S0_S0_S0_S0_S0_S0_S0_S0_S0_S0_S0_S0_S0_S0_S0_S0_S0_S0_S0_S0_S0_S0_S0_S0_S0_S0_S0_S0_S0_S0_S0_S0_S0_S0_jjjjjj,_ZN4M15L24m15_layer_kernel_attn_hcEPhS0_S0_S0_S0_S0_S0_S0_S0_S0_S0_S0_S0_S0_S0_S0_S0_S0_S0_S0_S0_S0_S0_S0_S0_S0_S0_S0_S0_S0_S0_S0_S0_S0_S0_S0_S0_S0_S0_S0_S0_S0_jjjjjj,dynamic,MIX_AIC,1790434800618505.957	,212.733,572.446000,28,56,NO,N/A,N/A,N/A,N/A,N/A,N/A,N/A,212.38,9648135,5.627,0.026,7.276,0.034,5.762,0.027,32.827,0.155,0.001,0.0,2.152,0.01,0.0,212.4,19520357,0.98,0.005,5.765,0.027,7.293,0.034,4.533,0.021,0.103,98.167
0,4294967295,27,58,_ZN4M15L23m15_layer_kernel_gdn_hcEPhS0_S0_S0_S0_S0_S0_S0_S0_S0_S0_S0_S0_S0_S0_S0_S0_S0_S0_S0_S0_S0_S0_S0_S0_S0_S0_S0_S0_S0_S0_S0_S0_S0_S0_S0_S0_S0_S0_S0_S0_S0_jjjjjj,_ZN4M15L23m15_layer_kernel_gdn_hcEPhS0_S0_S0_S0_S0_S0_S0_S0_S0_S0_S0_S0_S0_S0_S0_S0_S0_S0_S0_S0_S0_S0_S0_S0_S0_S0_S0_S0_S0_S0_S0_S0_S0_S0_S0_S0_S0_S0_S0_S0_S0_jjjjjj,dynamic,MIX_AIC,1790434800619319.114	,355.792,600.267000,28,56,NO,N/A,N/A,N/A,N/A,N/A,N/A,N/A,355.46,16311253,21.517,0.061,11.405,0.032,21.067,0.059,127.517,0.359,0.001,0.0,3.638,0.01,0.0,355.48,32742115,2.524,0.007,4.893,0.014,14.292,0.04,6.355,0.018,0.11,99.231
0,4294967295,28,58,_ZN4M15L23m15_layer_kernel_gdn_hcEPhS0_S0_S0_S0_S0_S0_S0_S0_S0_S0_S0_S0_S0_S0_S0_S0_S0_S0_S0_S0_S0_S0_S0_S0_S0_S0_S0_S0_S0_S0_S0_S0_S0_S0_S0_S0_S0_S0_S0_S0_S0_jjjjjj,_ZN4M15L23m15_layer_kernel_gdn_hcEPhS0_S0_S0_S0_S0_S0_S0_S0_S0_S0_S0_S0_S0_S0_S0_S0_S0_S0_S0_S0_S0_S0_S0_S0_S0_S0_S0_S0_S0_S0_S0_S0_S0_S0_S0_S0_S0_S0_S0_S0_S0_jjjjjj,dynamic,MIX_AIC,1790434800620252.354	,356.056,577.458000,28,56,NO,N/A,N/A,N/A,N/A,N/A,N/A,N/A,355.72,16329560,21.408,0.06,11.738,0.033,21.15,0.059,129.168,0.363,0.001,0.0,3.407,0.01,0.0,355.75,32779101,2.522,0.007,5.344,0.015,14.108,0.04,6.508,0.018,0.088,99.269
0,4294967295,29,58,_ZN4M15L23m15_layer_kernel_gdn_hcEPhS0_S0_S0_S0_S0_S0_S0_S0_S0_S0_S0_S0_S0_S0_S0_S0_S0_S0_S0_S0_S0_S0_S0_S0_S0_S0_S0_S0_S0_S0_S0_S0_S0_S0_S0_S0_S0_S0_S0_S0_S0_jjjjjj,_ZN4M15L23m15_layer_kernel_gdn_hcEPhS0_S0_S0_S0_S0_S0_S0_S0_S0_S0_S0_S0_S0_S0_S0_S0_S0_S0_S0_S0_S0_S0_S0_S0_S0_S0_S0_S0_S0_S0_S0_S0_S0_S0_S0_S0_S0_S0_S0_S0_S0_jjjjjj,dynamic,MIX_AIC,1790434800621202.086	,358.623,593.694000,28,56,NO,N/A,N/A,N/A,N/A,N/A,N/A,N/A,358.28,16447673,21.477,0.06,11.344,0.032,21.208,0.059,134.207,0.375,0.001,0.0,3.492,0.01,0.0,358.3,33016723,2.521,0.007,4.986,0.014,13.172,0.037,6.293,0.018,0.087,99.271
0,4294967295,30,58,_ZN4M15L24m15_layer_kernel_attn_hcEPhS0_S0_S0_S0_S0_S0_S0_S0_S0_S0_S0_S0_S0_S0_S0_S0_S0_S0_S0_S0_S0_S0_S0_S0_S0_S0_S0_S0_S0_S0_S0_S0_S0_S0_S0_S0_S0_S0_S0_S0_S0_jjjjjj,_ZN4M15L24m15_layer_kernel_attn_hcEPhS0_S0_S0_S0_S0_S0_S0_S0_S0_S0_S0_S0_S0_S0_S0_S0_S0_S0_S0_S0_S0_S0_S0_S0_S0_S0_S0_S0_S0_S0_S0_S0_S0_S0_S0_S0_S0_S0_S0_S0_S0_jjjjjj,dynamic,MIX_AIC,1790434800622415.878	,215.598,855.377000,28,56,NO,N/A,N/A,N/A,N/A,N/A,N/A,N/A,215.25,9809690,5.615,0.026,6.626,0.031,5.736,0.027,31.695,0.147,0.001,0.0,2.161,0.01,0.0,215.28,19800179,0.978,0.005,5.285,0.025,8.069,0.037,5.432,0.025,0.103,98.485
0,4294967295,31,58,_ZN4M15L23m15_layer_kernel_gdn_hcEPhS0_S0_S0_S0_S0_S0_S0_S0_S0_S0_S0_S0_S0_S0_S0_S0_S0_S0_S0_S0_S0_S0_S0_S0_S0_S0_S0_S0_S0_S0_S0_S0_S0_S0_S0_S0_S0_S0_S0_S0_S0_jjjjjj,_ZN4M15L23m15_layer_kernel_gdn_hcEPhS0_S0_S0_S0_S0_S0_S0_S0_S0_S0_S0_S0_S0_S0_S0_S0_S0_S0_S0_S0_S0_S0_S0_S0_S0_S0_S0_S0_S0_S0_S0_S0_S0_S0_S0_S0_S0_S0_S0_S0_S0_jjjjjj,dynamic,MIX_AIC,1790434800623211.584	,356.257,579.902000,28,56,NO,N/A,N/A,N/A,N/A,N/A,N/A,N/A,355.92,16339563,21.44,0.06,11.717,0.033,21.086,0.059,130.205,0.366,0.001,0.0,3.541,0.01,0.0,355.95,32798705,2.521,0.007,5.076,0.014,14.338,0.04,6.949,0.02,0.111,99.274
0,4294967295,32,58,_ZN4M15L23m15_layer_kernel_gdn_hcEPhS0_S0_S0_S0_S0_S0_S0_S0_S0_S0_S0_S0_S0_S0_S0_S0_S0_S0_S0_S0_S0_S0_S0_S0_S0_S0_S0_S0_S0_S0_S0_S0_S0_S0_S0_S0_S0_S0_S0_S0_S0_jjjjjj,_ZN4M15L23m15_layer_kernel_gdn_hcEPhS0_S0_S0_S0_S0_S0_S0_S0_S0_S0_S0_S0_S0_S0_S0_S0_S0_S0_S0_S0_S0_S0_S0_S0_S0_S0_S0_S0_S0_S0_S0_S0_S0_S0_S0_S0_S0_S0_S0_S0_S0_jjjjjj,dynamic,MIX_AIC,1790434800624164.207	,358.017,596.493000,28,56,NO,N/A,N/A,N/A,N/A,N/A,N/A,N/A,357.68,16413504,21.491,0.06,11.479,0.032,21.13,0.059,128.35,0.359,0.001,0.0,3.347,0.009,0.0,357.7,32944836,2.525,0.007,5.312,0.015,14.07,0.039,7.334,0.021,0.087,99.233
0,4294967295,33,58,_ZN4M15L23m15_layer_kernel_gdn_hcEPhS0_S0_S0_S0_S0_S0_S0_S0_S0_S0_S0_S0_S0_S0_S0_S0_S0_S0_S0_S0_S0_S0_S0_S0_S0_S0_S0_S0_S0_S0_S0_S0_S0_S0_S0_S0_S0_S0_S0_S0_S0_jjjjjj,_ZN4M15L23m15_layer_kernel_gdn_hcEPhS0_S0_S0_S0_S0_S0_S0_S0_S0_S0_S0_S0_S0_S0_S0_S0_S0_S0_S0_S0_S0_S0_S0_S0_S0_S0_S0_S0_S0_S0_S0_S0_S0_S0_S0_S0_S0_S0_S0_S0_S0_jjjjjj,dynamic,MIX_AIC,1790434800625112.212	,354.765,589.983000,28,56,NO,N/A,N/A,N/A,N/A,N/A,N/A,N/A,354.4,16258305,21.507,0.061,11.477,0.032,21.182,0.06,129.022,0.364,0.001,0.0,3.465,0.01,0.0,354.42,32644514,2.528,0.007,4.987,0.014,13.597,0.038,6.73,0.019,0.087,99.196
0,4294967295,34,58,_ZN4M15L24m15_layer_kernel_attn_hcEPhS0_S0_S0_S0_S0_S0_S0_S0_S0_S0_S0_S0_S0_S0_S0_S0_S0_S0_S0_S0_S0_S0_S0_S0_S0_S0_S0_S0_S0_S0_S0_S0_S0_S0_S0_S0_S0_S0_S0_S0_S0_jjjjjj,_ZN4M15L24m15_layer_kernel_attn_hcEPhS0_S0_S0_S0_S0_S0_S0_S0_S0_S0_S0_S0_S0_S0_S0_S0_S0_S0_S0_S0_S0_S0_S0_S0_S0_S0_S0_S0_S0_S0_S0_S0_S0_S0_S0_S0_S0_S0_S0_S0_S0_jjjjjj,dynamic,MIX_AIC,1790434800626348.089	,216.001,880.985000,28,56,NO,N/A,N/A,N/A,N/A,N/A,N/A,N/A,215.63,9824620,5.641,0.026,6.825,0.032,5.735,0.027,31.921,0.148,0.001,0.0,2.071,0.01,0.0,215.66,19836209,0.979,0.005,5.179,0.024,7.529,0.035,5.207,0.024,0.103,98.451
0,4294967295,35,58,_ZN4M15L23m15_layer_kernel_gdn_hcEPhS0_S0_S0_S0_S0_S0_S0_S0_S0_S0_S0_S0_S0_S0_S0_S0_S0_S0_S0_S0_S0_S0_S0_S0_S0_S0_S0_S0_S0_S0_S0_S0_S0_S0_S0_S0_S0_S0_S0_S0_S0_jjjjjj,_ZN4M15L23m15_layer_kernel_gdn_hcEPhS0_S0_S0_S0_S0_S0_S0_S0_S0_S0_S0_S0_S0_S0_S0_S0_S0_S0_S0_S0_S0_S0_S0_S0_S0_S0_S0_S0_S0_S0_S0_S0_S0_S0_S0_S0_S0_S0_S0_S0_S0_jjjjjj,dynamic,MIX_AIC,1790434800627134.160	,355.628,570.249000,28,56,NO,N/A,N/A,N/A,N/A,N/A,N/A,N/A,354.94,16283176,21.525,0.061,11.382,0.032,21.113,0.059,129.508,0.365,0.001,0.0,3.511,0.01,0.0,354.96,32691380,2.522,0.007,5.024,0.014,13.334,0.038,6.685,0.019,0.11,99.106
0,4294967295,36,58,_ZN4M15L23m15_layer_kernel_gdn_hcEPhS0_S0_S0_S0_S0_S0_S0_S0_S0_S0_S0_S0_S0_S0_S0_S0_S0_S0_S0_S0_S0_S0_S0_S0_S0_S0_S0_S0_S0_S0_S0_S0_S0_S0_S0_S0_S0_S0_S0_S0_S0_jjjjjj,_ZN4M15L23m15_layer_kernel_gdn_hcEPhS0_S0_S0_S0_S0_S0_S0_S0_S0_S0_S0_S0_S0_S0_S0_S0_S0_S0_S0_S0_S0_S0_S0_S0_S0_S0_S0_S0_S0_S0_S0_S0_S0_S0_S0_S0_S0_S0_S0_S0_S0_jjjjjj,dynamic,MIX_AIC,1790434800628122.126	,355.221,632.372000,28,56,NO,N/A,N/A,N/A,N/A,N/A,N/A,N/A,354.9,16291588,21.47,0.06,11.619,0.033,21.109,0.059,132.115,0.372,0.001,0.0,3.474,0.01,0.0,354.93,32703423,2.521,0.007,5.33,0.015,13.146,0.037,6.632,0.019,0.089,99.271
0,4294967295,37,58,_ZN4M15L23m15_layer_kernel_gdn_hcEPhS0_S0_S0_S0_S0_S0_S0_S0_S0_S0_S0_S0_S0_S0_S0_S0_S0_S0_S0_S0_S0_S0_S0_S0_S0_S0_S0_S0_S0_S0_S0_S0_S0_S0_S0_S0_S0_S0_S0_S0_S0_jjjjjj,_ZN4M15L23m15_layer_kernel_gdn_hcEPhS0_S0_S0_S0_S0_S0_S0_S0_S0_S0_S0_S0_S0_S0_S0_S0_S0_S0_S0_S0_S0_S0_S0_S0_S0_S0_S0_S0_S0_S0_S0_S0_S0_S0_S0_S0_S0_S0_S0_S0_S0_jjjjjj,dynamic,MIX_AIC,1790434800629082.039	,358.010,604.529000,28,56,NO,N/A,N/A,N/A,N/A,N/A,N/A,N/A,357.64,16419030,21.491,0.06,11.8,0.033,21.186,0.059,131.857,0.369,0.001,0.0,3.556,0.01,0.0,357.67,32956920,2.521,0.007,5.019,0.014,13.295,0.037,6.51,0.018,0.086,99.268
0,4294967295,38,58,_ZN4M15L24m15_layer_kernel_attn_hcEPhS0_S0_S0_S0_S0_S0_S0_S0_S0_S0_S0_S0_S0_S0_S0_S0_S0_S0_S0_S0_S0_S0_S0_S0_S0_S0_S0_S0_S0_S0_S0_S0_S0_S0_S0_S0_S0_S0_S0_S0_S0_jjjjjj,_ZN4M15L24m15_layer_kernel_attn_hcEPhS0_S0_S0_S0_S0_S0_S0_S0_S0_S0_S0_S0_S0_S0_S0_S0_S0_S0_S0_S0_S0_S0_S0_S0_S0_S0_S0_S0_S0_S0_S0_S0_S0_S0_S0_S0_S0_S0_S0_S0_S0_jjjjjj,dynamic,MIX_AIC,1790434800630046.525	,214.074,606.490000,28,56,NO,N/A,N/A,N/A,N/A,N/A,N/A,N/A,213.71,9734642,5.623,0.026,6.662,0.031,5.762,0.027,31.393,0.147,0.001,0.0,2.029,0.009,0.0,213.73,19657857,0.978,0.005,5.151,0.024,8.254,0.039,5.079,0.024,0.103,98.427
0,4294967295,39,58,_ZN4M15L23m15_layer_kernel_gdn_hcEPhS0_S0_S0_S0_S0_S0_S0_S0_S0_S0_S0_S0_S0_S0_S0_S0_S0_S0_S0_S0_S0_S0_S0_S0_S0_S0_S0_S0_S0_S0_S0_S0_S0_S0_S0_S0_S0_S0_S0_S0_S0_jjjjjj,_ZN4M15L23m15_layer_kernel_gdn_hcEPhS0_S0_S0_S0_S0_S0_S0_S0_S0_S0_S0_S0_S0_S0_S0_S0_S0_S0_S0_S0_S0_S0_S0_S0_S0_S0_S0_S0_S0_S0_S0_S0_S0_S0_S0_S0_S0_S0_S0_S0_S0_jjjjjj,dynamic,MIX_AIC,1790434800631151.481	,351.586,890.926000,28,56,NO,N/A,N/A,N/A,N/A,N/A,N/A,N/A,351.27,16119421,21.458,0.061,11.473,0.033,21.025,0.06,126.013,0.359,0.001,0.0,3.462,0.01,0.0,351.29,32364575,2.524,0.007,5.371,0.015,13.548,0.039,6.564,0.019,0.111,99.238
0,4294967295,40,58,_ZN4M15L23m15_layer_kernel_gdn_hcEPhS0_S0_S0_S0_S0_S0_S0_S0_S0_S0_S0_S0_S0_S0_S0_S0_S0_S0_S0_S0_S0_S0_S0_S0_S0_S0_S0_S0_S0_S0_S0_S0_S0_S0_S0_S0_S0_S0_S0_S0_S0_jjjjjj,_ZN4M15L23m15_layer_kernel_gdn_hcEPhS0_S0_S0_S0_S0_S0_S0_S0_S0_S0_S0_S0_S0_S0_S0_S0_S0_S0_S0_S0_S0_S0_S0_S0_S0_S0_S0_S0_S0_S0_S0_S0_S0_S0_S0_S0_S0_S0_S0_S0_S0_jjjjjj,dynamic,MIX_AIC,1790434800632100.757	,362.327,597.664000,28,56,NO,N/A,N/A,N/A,N/A,N/A,N/A,N/A,362.0,16620512,21.403,0.059,11.732,0.032,21.16,0.058,135.626,0.375,0.001,0.0,3.446,0.01,0.0,362.03,33360265,2.525,0.007,5.336,0.015,13.082,0.036,6.834,0.019,0.088,99.289
0,4294967295,41,58,_ZN4M15L23m15_layer_kernel_gdn_hcEPhS0_S0_S0_S0_S0_S0_S0_S0_S0_S0_S0_S0_S0_S0_S0_S0_S0_S0_S0_S0_S0_S0_S0_S0_S0_S0_S0_S0_S0_S0_S0_S0_S0_S0_S0_S0_S0_S0_S0_S0_S0_jjjjjj,_ZN4M15L23m15_layer_kernel_gdn_hcEPhS0_S0_S0_S0_S0_S0_S0_S0_S0_S0_S0_S0_S0_S0_S0_S0_S0_S0_S0_S0_S0_S0_S0_S0_S0_S0_S0_S0_S0_S0_S0_S0_S0_S0_S0_S0_S0_S0_S0_S0_S0_jjjjjj,dynamic,MIX_AIC,1790434800633108.274	,353.443,645.173000,28,56,NO,N/A,N/A,N/A,N/A,N/A,N/A,N/A,353.06,16200432,21.493,0.061,11.617,0.033,21.065,0.06,126.053,0.357,0.001,0.0,3.41,0.01,0.0,353.09,32532920,2.523,0.007,5.207,0.015,13.734,0.039,6.459,0.018,0.086,99.212
0,4294967295,42,58,_ZN4M15L24m15_layer_kernel_attn_hcEPhS0_S0_S0_S0_S0_S0_S0_S0_S0_S0_S0_S0_S0_S0_S0_S0_S0_S0_S0_S0_S0_S0_S0_S0_S0_S0_S0_S0_S0_S0_S0_S0_S0_S0_S0_S0_S0_S0_S0_S0_S0_jjjjjj,_ZN4M15L24m15_layer_kernel_attn_hcEPhS0_S0_S0_S0_S0_S0_S0_S0_S0_S0_S0_S0_S0_S0_S0_S0_S0_S0_S0_S0_S0_S0_S0_S0_S0_S0_S0_S0_S0_S0_S0_S0_S0_S0_S0_S0_S0_S0_S0_S0_S0_jjjjjj,dynamic,MIX_AIC,1790434800634063.517	,213.301,601.807000,28,56,NO,N/A,N/A,N/A,N/A,N/A,N/A,N/A,212.92,9690395,5.688,0.027,6.718,0.032,5.751,0.027,31.262,0.147,0.001,0.0,2.207,0.01,0.0,212.95,19574170,0.978,0.005,5.109,0.024,7.812,0.037,5.004,0.024,0.103,98.335
0,4294967295,43,58,_ZN4M15L23m15_layer_kernel_gdn_hcEPhS0_S0_S0_S0_S0_S0_S0_S0_S0_S0_S0_S0_S0_S0_S0_S0_S0_S0_S0_S0_S0_S0_S0_S0_S0_S0_S0_S0_S0_S0_S0_S0_S0_S0_S0_S0_S0_S0_S0_S0_S0_jjjjjj,_ZN4M15L23m15_layer_kernel_gdn_hcEPhS0_S0_S0_S0_S0_S0_S0_S0_S0_S0_S0_S0_S0_S0_S0_S0_S0_S0_S0_S0_S0_S0_S0_S0_S0_S0_S0_S0_S0_S0_S0_S0_S0_S0_S0_S0_S0_S0_S0_S0_S0_jjjjjj,dynamic,MIX_AIC,1790434800635164.801	,357.395,887.949000,28,56,NO,N/A,N/A,N/A,N/A,N/A,N/A,N/A,357.09,16387239,21.481,0.06,11.538,0.032,21.2,0.059,132.032,0.37,0.001,0.0,3.379,0.009,0.0,357.11,32904093,2.525,0.007,5.186,0.015,13.409,0.038,6.39,0.018,0.111,99.247
0,4294967295,44,58,_ZN4M15L23m15_layer_kernel_gdn_hcEPhS0_S0_S0_S0_S0_S0_S0_S0_S0_S0_S0_S0_S0_S0_S0_S0_S0_S0_S0_S0_S0_S0_S0_S0_S0_S0_S0_S0_S0_S0_S0_S0_S0_S0_S0_S0_S0_S0_S0_S0_S0_jjjjjj,_ZN4M15L23m15_layer_kernel_gdn_hcEPhS0_S0_S0_S0_S0_S0_S0_S0_S0_S0_S0_S0_S0_S0_S0_S0_S0_S0_S0_S0_S0_S0_S0_S0_S0_S0_S0_S0_S0_S0_S0_S0_S0_S0_S0_S0_S0_S0_S0_S0_S0_jjjjjj,dynamic,MIX_AIC,1790434800636128.760	,357.905,606.605000,28,56,NO,N/A,N/A,N/A,N/A,N/A,N/A,N/A,357.6,16415250,21.5,0.06,11.433,0.032,21.163,0.059,131.045,0.366,0.001,0.0,3.342,0.009,0.0,357.62,32953845,2.527,0.007,5.068,0.014,14.423,0.04,7.396,0.021,0.088,99.275
0,4294967295,45,58,_ZN4M15L23m15_layer_kernel_gdn_hcEPhS0_S0_S0_S0_S0_S0_S0_S0_S0_S0_S0_S0_S0_S0_S0_S0_S0_S0_S0_S0_S0_S0_S0_S0_S0_S0_S0_S0_S0_S0_S0_S0_S0_S0_S0_S0_S0_S0_S0_S0_S0_jjjjjj,_ZN4M15L23m15_layer_kernel_gdn_hcEPhS0_S0_S0_S0_S0_S0_S0_S0_S0_S0_S0_S0_S0_S0_S0_S0_S0_S0_S0_S0_S0_S0_S0_S0_S0_S0_S0_S0_S0_S0_S0_S0_S0_S0_S0_S0_S0_S0_S0_S0_S0_jjjjjj,dynamic,MIX_AIC,1790434800637102.530	,360.994,615.845000,28,56,NO,N/A,N/A,N/A,N/A,N/A,N/A,N/A,360.61,16556555,21.437,0.059,11.451,0.032,21.205,0.059,134.042,0.372,0.001,0.0,3.652,0.01,0.0,360.64,33232274,2.521,0.007,5.035,0.014,14.055,0.039,6.91,0.019,0.085,99.272
0,4294967295,46,58,_ZN4M15L24m15_layer_kernel_attn_hcEPhS0_S0_S0_S0_S0_S0_S0_S0_S0_S0_S0_S0_S0_S0_S0_S0_S0_S0_S0_S0_S0_S0_S0_S0_S0_S0_S0_S0_S0_S0_S0_S0_S0_S0_S0_S0_S0_S0_S0_S0_S0_jjjjjj,_ZN4M15L24m15_layer_kernel_attn_hcEPhS0_S0_S0_S0_S0_S0_S0_S0_S0_S0_S0_S0_S0_S0_S0_S0_S0_S0_S0_S0_S0_S0_S0_S0_S0_S0_S0_S0_S0_S0_S0_S0_S0_S0_S0_S0_S0_S0_S0_S0_S0_jjjjjj,dynamic,MIX_AIC,1790434800638152.880	,214.780,689.506000,28,56,NO,N/A,N/A,N/A,N/A,N/A,N/A,N/A,214.4,9768525,5.62,0.026,6.824,0.032,5.753,0.027,32.083,0.15,0.001,0.0,2.129,0.01,0.0,214.43,19723732,0.978,0.005,5.247,0.024,7.289,0.034,5.66,0.026,0.103,98.445
0,4294967295,47,58,_ZN4M15L23m15_layer_kernel_gdn_hcEPhS0_S0_S0_S0_S0_S0_S0_S0_S0_S0_S0_S0_S0_S0_S0_S0_S0_S0_S0_S0_S0_S0_S0_S0_S0_S0_S0_S0_S0_S0_S0_S0_S0_S0_S0_S0_S0_S0_S0_S0_S0_jjjjjj,_ZN4M15L23m15_layer_kernel_gdn_hcEPhS0_S0_S0_S0_S0_S0_S0_S0_S0_S0_S0_S0_S0_S0_S0_S0_S0_S0_S0_S0_S0_S0_S0_S0_S0_S0_S0_S0_S0_S0_S0_S0_S0_S0_S0_S0_S0_S0_S0_S0_S0_jjjjjj,dynamic,MIX_AIC,1790434800639010.557	,352.864,642.720000,28,56,NO,N/A,N/A,N/A,N/A,N/A,N/A,N/A,352.55,16180784,21.48,0.061,11.76,0.033,21.094,0.06,129.816,0.368,0.001,0.0,3.468,0.01,0.0,352.58,32488021,2.528,0.007,5.426,0.015,13.454,0.038,6.111,0.017,0.11,99.255
0,4294967295,48,58,_ZN4M15L23m15_layer_kernel_gdn_hcEPhS0_S0_S0_S0_S0_S0_S0_S0_S0_S0_S0_S0_S0_S0_S0_S0_S0_S0_S0_S0_S0_S0_S0_S0_S0_S0_S0_S0_S0_S0_S0_S0_S0_S0_S0_S0_S0_S0_S0_S0_S0_jjjjjj,_ZN4M15L23m15_layer_kernel_gdn_hcEPhS0_S0_S0_S0_S0_S0_S0_S0_S0_S0_S0_S0_S0_S0_S0_S0_S0_S0_S0_S0_S0_S0_S0_S0_S0_S0_S0_S0_S0_S0_S0_S0_S0_S0_S0_S0_S0_S0_S0_S0_S0_jjjjjj,dynamic,MIX_AIC,1790434800640409.577	,352.913,1046.136000,28,56,NO,N/A,N/A,N/A,N/A,N/A,N/A,N/A,352.6,16184998,21.509,0.061,11.645,0.033,21.045,0.06,126.844,0.36,0.001,0.0,3.38,0.01,0.0,352.63,32489861,2.522,0.007,5.07,0.014,13.267,0.038,6.501,0.018,0.088,99.267
0,4294967295,49,58,_ZN4M15L23m15_layer_kernel_gdn_hcEPhS0_S0_S0_S0_S0_S0_S0_S0_S0_S0_S0_S0_S0_S0_S0_S0_S0_S0_S0_S0_S0_S0_S0_S0_S0_S0_S0_S0_S0_S0_S0_S0_S0_S0_S0_S0_S0_S0_S0_S0_S0_jjjjjj,_ZN4M15L23m15_layer_kernel_gdn_hcEPhS0_S0_S0_S0_S0_S0_S0_S0_S0_S0_S0_S0_S0_S0_S0_S0_S0_S0_S0_S0_S0_S0_S0_S0_S0_S0_S0_S0_S0_S0_S0_S0_S0_S0_S0_S0_S0_S0_S0_S0_S0_jjjjjj,dynamic,MIX_AIC,1790434800641366.356	,355.444,603.837000,28,56,NO,N/A,N/A,N/A,N/A,N/A,N/A,N/A,355.05,16298297,21.49,0.061,11.659,0.033,21.122,0.059,131.869,0.371,0.001,0.0,3.618,0.01,0.0,355.07,32717414,2.521,0.007,5.179,0.015,13.609,0.038,6.835,0.019,0.086,99.250
0,4294967295,50,58,_ZN4M15L24m15_layer_kernel_attn_hcEPhS0_S0_S0_S0_S0_S0_S0_S0_S0_S0_S0_S0_S0_S0_S0_S0_S0_S0_S0_S0_S0_S0_S0_S0_S0_S0_S0_S0_S0_S0_S0_S0_S0_S0_S0_S0_S0_S0_S0_S0_S0_jjjjjj,_ZN4M15L24m15_layer_kernel_attn_hcEPhS0_S0_S0_S0_S0_S0_S0_S0_S0_S0_S0_S0_S0_S0_S0_S0_S0_S0_S0_S0_S0_S0_S0_S0_S0_S0_S0_S0_S0_S0_S0_S0_S0_S0_S0_S0_S0_S0_S0_S0_S0_jjjjjj,dynamic,MIX_AIC,1790434800642344.300	,214.790,622.556000,28,56,NO,N/A,N/A,N/A,N/A,N/A,N/A,N/A,214.39,9742246,5.629,0.026,6.654,0.031,5.744,0.027,32.177,0.15,0.001,0.0,2.191,0.01,0.0,214.41,19707740,0.978,0.005,5.052,0.024,7.64,0.036,5.161,0.024,0.103,98.175
0,4294967295,51,58,_ZN4M15L22m15_final_mixer_kernelEPhS0_S0_jS0_S0_S0_S0_S0_j,_ZN4M15L22m15_final_mixer_kernelEPhS0_S0_jS0_S0_S0_S0_S0_j,dynamic,MIX_AIC,1790434800643348.914	,76.761,789.960000,28,56,NO,N/A,N/A,N/A,N/A,N/A,N/A,N/A,76.07,3478991,1.805,0.024,1.918,0.025,1.754,0.023,9.793,0.129,0.001,0.0,0.92,0.012,0.027,76.09,6971351,0.387,0.005,1.921,0.025,1.592,0.021,3.039,0.04,0.038,98.100
0,4294967295,52,58,_ZN4M15L23m15_layer_kernel_gdn_hcEPhS0_S0_S0_S0_S0_S0_S0_S0_S0_S0_S0_S0_S0_S0_S0_S0_S0_S0_S0_S0_S0_S0_S0_S0_S0_S0_S0_S0_S0_S0_S0_S0_S0_S0_S0_S0_S0_S0_S0_S0_S0_jjjjjj,_ZN4M15L23m15_layer_kernel_gdn_hcEPhS0_S0_S0_S0_S0_S0_S0_S0_S0_S0_S0_S0_S0_S0_S0_S0_S0_S0_S0_S0_S0_S0_S0_S0_S0_S0_S0_S0_S0_S0_S0_S0_S0_S0_S0_S0_S0_S0_S0_S0_S0_jjjjjj,dynamic,MIX_AIC,1790434800662647.342	,340.548,19221.489000,28,56,NO,N/A,N/A,N/A,N/A,N/A,N/A,N/A,340.22,15606859,21.497,0.063,11.47,0.034,20.944,0.062,122.696,0.361,0.001,0.0,3.433,0.01,0.0,340.25,31348083,2.215,0.007,4.835,0.014,12.412,0.036,4.066,0.012,0.137,99.196
0,4294967295,53,58,_ZN4M15L23m15_layer_kernel_gdn_hcEPhS0_S0_S0_S0_S0_S0_S0_S0_S0_S0_S0_S0_S0_S0_S0_S0_S0_S0_S0_S0_S0_S0_S0_S0_S0_S0_S0_S0_S0_S0_S0_S0_S0_S0_S0_S0_S0_S0_S0_S0_S0_jjjjjj,_ZN4M15L23m15_layer_kernel_gdn_hcEPhS0_S0_S0_S0_S0_S0_S0_S0_S0_S0_S0_S0_S0_S0_S0_S0_S0_S0_S0_S0_S0_S0_S0_S0_S0_S0_S0_S0_S0_S0_S0_S0_S0_S0_S0_S0_S0_S0_S0_S0_S0_jjjjjj,dynamic,MIX_AIC,1790434800663464.954	,355.176,477.202000,28,56,NO,N/A,N/A,N/A,N/A,N/A,N/A,N/A,354.82,16272993,21.5,0.061,11.535,0.033,21.111,0.059,127.082,0.358,0.001,0.0,3.534,0.01,0.0,354.85,32683457,2.527,0.007,5.169,0.015,13.942,0.039,5.81,0.016,0.088,99.170
0,4294967295,54,58,_ZN4M15L23m15_layer_kernel_gdn_hcEPhS0_S0_S0_S0_S0_S0_S0_S0_S0_S0_S0_S0_S0_S0_S0_S0_S0_S0_S0_S0_S0_S0_S0_S0_S0_S0_S0_S0_S0_S0_S0_S0_S0_S0_S0_S0_S0_S0_S0_S0_S0_jjjjjj,_ZN4M15L23m15_layer_kernel_gdn_hcEPhS0_S0_S0_S0_S0_S0_S0_S0_S0_S0_S0_S0_S0_S0_S0_S0_S0_S0_S0_S0_S0_S0_S0_S0_S0_S0_S0_S0_S0_S0_S0_S0_S0_S0_S0_S0_S0_S0_S0_S0_S0_jjjjjj,dynamic,MIX_AIC,1790434800664158.088	,355.584,337.824000,28,56,NO,N/A,N/A,N/A,N/A,N/A,N/A,N/A,355.23,16285798,21.521,0.061,11.505,0.032,21.034,0.059,128.872,0.363,0.001,0.0,3.527,0.01,0.0,355.25,32720995,2.529,0.007,4.909,0.014,13.219,0.037,6.522,0.018,0.087,99.135
0,4294967295,55,58,_ZN4M15L24m15_layer_kernel_attn_hcEPhS0_S0_S0_S0_S0_S0_S0_S0_S0_S0_S0_S0_S0_S0_S0_S0_S0_S0_S0_S0_S0_S0_S0_S0_S0_S0_S0_S0_S0_S0_S0_S0_S0_S0_S0_S0_S0_S0_S0_S0_S0_jjjjjj,_ZN4M15L24m15_layer_kernel_attn_hcEPhS0_S0_S0_S0_S0_S0_S0_S0_S0_S0_S0_S0_S0_S0_S0_S0_S0_S0_S0_S0_S0_S0_S0_S0_S0_S0_S0_S0_S0_S0_S0_S0_S0_S0_S0_S0_S0_S0_S0_S0_S0_jjjjjj,dynamic,MIX_AIC,1790434800664849.830	,213.862,336.166000,28,56,NO,N/A,N/A,N/A,N/A,N/A,N/A,N/A,213.53,9731422,5.653,0.026,6.854,0.032,5.752,0.027,31.832,0.149,0.001,0.0,2.116,0.01,0.0,213.56,19644686,0.977,0.005,5.386,0.025,7.444,0.035,5.143,0.024,0.103,98.492
0,4294967295,56,58,_ZN4M15L23m15_layer_kernel_gdn_hcEPhS0_S0_S0_S0_S0_S0_S0_S0_S0_S0_S0_S0_S0_S0_S0_S0_S0_S0_S0_S0_S0_S0_S0_S0_S0_S0_S0_S0_S0_S0_S0_S0_S0_S0_S0_S0_S0_S0_S0_S0_S0_jjjjjj,_ZN4M15L23m15_layer_kernel_gdn_hcEPhS0_S0_S0_S0_S0_S0_S0_S0_S0_S0_S0_S0_S0_S0_S0_S0_S0_S0_S0_S0_S0_S0_S0_S0_S0_S0_S0_S0_S0_S0_S0_S0_S0_S0_S0_S0_S0_S0_S0_S0_S0_jjjjjj,dynamic,MIX_AIC,1790434800665401.184	,355.468,337.638000,28,56,NO,N/A,N/A,N/A,N/A,N/A,N/A,N/A,355.14,16302858,21.474,0.06,12.028,0.034,21.213,0.06,130.007,0.366,0.001,0.0,3.618,0.01,0.0,355.16,32723026,2.529,0.007,5.472,0.015,13.756,0.039,6.415,0.018,0.111,99.271
0,4294967295,57,58,_ZN4M15L23m15_layer_kernel_gdn_hcEPhS0_S0_S0_S0_S0_S0_S0_S0_S0_S0_S0_S0_S0_S0_S0_S0_S0_S0_S0_S0_S0_S0_S0_S0_S0_S0_S0_S0_S0_S0_S0_S0_S0_S0_S0_S0_S0_S0_S0_S0_S0_jjjjjj,_ZN4M15L23m15_layer_kernel_gdn_hcEPhS0_S0_S0_S0_S0_S0_S0_S0_S0_S0_S0_S0_S0_S0_S0_S0_S0_S0_S0_S0_S0_S0_S0_S0_S0_S0_S0_S0_S0_S0_S0_S0_S0_S0_S0_S0_S0_S0_S0_S0_S0_jjjjjj,dynamic,MIX_AIC,1790434800666090.173	,363.305,333.532000,28,56,NO,N/A,N/A,N/A,N/A,N/A,N/A,N/A,362.93,16658353,21.475,0.059,11.519,0.032,21.214,0.058,133.802,0.369,0.001,0.0,3.582,0.01,0.0,362.95,33445302,2.527,0.007,5.122,0.014,13.546,0.037,6.582,0.018,0.088,99.247
0,4294967295,58,58,_ZN4M15L23m15_layer_kernel_gdn_hcEPhS0_S0_S0_S0_S0_S0_S0_S0_S0_S0_S0_S0_S0_S0_S0_S0_S0_S0_S0_S0_S0_S0_S0_S0_S0_S0_S0_S0_S0_S0_S0_S0_S0_S0_S0_S0_S0_S0_S0_S0_S0_jjjjjj,_ZN4M15L23m15_layer_kernel_gdn_hcEPhS0_S0_S0_S0_S0_S0_S0_S0_S0_S0_S0_S0_S0_S0_S0_S0_S0_S0_S0_S0_S0_S0_S0_S0_S0_S0_S0_S0_S0_S0_S0_S0_S0_S0_S0_S0_S0_S0_S0_S0_S0_jjjjjj,dynamic,MIX_AIC,1790434800666786.240	,349.367,332.695000,28,56,NO,N/A,N/A,N/A,N/A,N/A,N/A,N/A,348.99,16003123,21.515,0.062,11.985,0.034,21.176,0.061,125.907,0.361,0.001,0.0,3.692,0.011,0.0,349.02,32141816,2.531,0.007,5.523,0.016,14.229,0.041,5.306,0.015,0.087,99.147
0,4294967295,59,58,_ZN4M15L24m15_layer_kernel_attn_hcEPhS0_S0_S0_S0_S0_S0_S0_S0_S0_S0_S0_S0_S0_S0_S0_S0_S0_S0_S0_S0_S0_S0_S0_S0_S0_S0_S0_S0_S0_S0_S0_S0_S0_S0_S0_S0_S0_S0_S0_S0_S0_jjjjjj,_ZN4M15L24m15_layer_kernel_attn_hcEPhS0_S0_S0_S0_S0_S0_S0_S0_S0_S0_S0_S0_S0_S0_S0_S0_S0_S0_S0_S0_S0_S0_S0_S0_S0_S0_S0_S0_S0_S0_S0_S0_S0_S0_S0_S0_S0_S0_S0_S0_S0_jjjjjj,dynamic,MIX_AIC,1790434800667486.241	,216.306,350.633000,28,56,NO,N/A,N/A,N/A,N/A,N/A,N/A,N/A,215.99,9840212,5.608,0.026,6.841,0.032,5.745,0.027,32.754,0.152,0.001,0.0,2.296,0.011,0.0,216.01,19868677,0.979,0.005,5.247,0.024,7.089,0.033,5.59,0.026,0.103,98.468
0,4294967295,60,58,_ZN4M15L23m15_layer_kernel_gdn_hcEPhS0_S0_S0_S0_S0_S0_S0_S0_S0_S0_S0_S0_S0_S0_S0_S0_S0_S0_S0_S0_S0_S0_S0_S0_S0_S0_S0_S0_S0_S0_S0_S0_S0_S0_S0_S0_S0_S0_S0_S0_S0_jjjjjj,_ZN4M15L23m15_layer_kernel_gdn_hcEPhS0_S0_S0_S0_S0_S0_S0_S0_S0_S0_S0_S0_S0_S0_S0_S0_S0_S0_S0_S0_S0_S0_S0_S0_S0_S0_S0_S0_S0_S0_S0_S0_S0_S0_S0_S0_S0_S0_S0_S0_S0_jjjjjj,dynamic,MIX_AIC,1790434800668045.676	,354.320,343.194000,28,56,NO,N/A,N/A,N/A,N/A,N/A,N/A,N/A,354.0,16244065,21.455,0.061,11.544,0.033,21.147,0.06,129.581,0.366,0.001,0.0,3.463,0.01,0.0,354.03,32618584,2.527,0.007,5.093,0.014,14.199,0.04,6.377,0.018,0.111,99.233
0,4294967295,61,58,_ZN4M15L23m15_layer_kernel_gdn_hcEPhS0_S0_S0_S0_S0_S0_S0_S0_S0_S0_S0_S0_S0_S0_S0_S0_S0_S0_S0_S0_S0_S0_S0_S0_S0_S0_S0_S0_S0_S0_S0_S0_S0_S0_S0_S0_S0_S0_S0_S0_S0_jjjjjj,_ZN4M15L23m15_layer_kernel_gdn_hcEPhS0_S0_S0_S0_S0_S0_S0_S0_S0_S0_S0_S0_S0_S0_S0_S0_S0_S0_S0_S0_S0_S0_S0_S0_S0_S0_S0_S0_S0_S0_S0_S0_S0_S0_S0_S0_S0_S0_S0_S0_S0_jjjjjj,dynamic,MIX_AIC,1790434800668741.994	,358.651,341.930000,28,56,NO,N/A,N/A,N/A,N/A,N/A,N/A,N/A,358.29,16430086,21.475,0.06,11.678,0.033,21.146,0.059,129.253,0.361,0.001,0.0,3.542,0.01,0.0,358.31,33002942,2.535,0.007,4.973,0.014,13.944,0.039,6.657,0.019,0.088,99.158
0,4294967295,62,58,_ZN4M15L23m15_layer_kernel_gdn_hcEPhS0_S0_S0_S0_S0_S0_S0_S0_S0_S0_S0_S0_S0_S0_S0_S0_S0_S0_S0_S0_S0_S0_S0_S0_S0_S0_S0_S0_S0_S0_S0_S0_S0_S0_S0_S0_S0_S0_S0_S0_S0_jjjjjj,_ZN4M15L23m15_layer_kernel_gdn_hcEPhS0_S0_S0_S0_S0_S0_S0_S0_S0_S0_S0_S0_S0_S0_S0_S0_S0_S0_S0_S0_S0_S0_S0_S0_S0_S0_S0_S0_S0_S0_S0_S0_S0_S0_S0_S0_S0_S0_S0_S0_S0_jjjjjj,dynamic,MIX_AIC,1790434800669455.705	,359.659,355.099000,28,56,NO,N/A,N/A,N/A,N/A,N/A,N/A,N/A,359.3,16498799,21.454,0.06,11.483,0.032,21.145,0.059,131.96,0.367,0.001,0.0,3.495,0.01,0.0,359.32,33106450,2.527,0.007,4.919,0.014,13.957,0.039,6.557,0.018,0.087,99.293
0,4294967295,63,58,_ZN4M15L24m15_layer_kernel_attn_hcEPhS0_S0_S0_S0_S0_S0_S0_S0_S0_S0_S0_S0_S0_S0_S0_S0_S0_S0_S0_S0_S0_S0_S0_S0_S0_S0_S0_S0_S0_S0_S0_S0_S0_S0_S0_S0_S0_S0_S0_S0_S0_jjjjjj,_ZN4M15L24m15_layer_kernel_attn_hcEPhS0_S0_S0_S0_S0_S0_S0_S0_S0_S0_S0_S0_S0_S0_S0_S0_S0_S0_S0_S0_S0_S0_S0_S0_S0_S0_S0_S0_S0_S0_S0_S0_S0_S0_S0_S0_S0_S0_S0_S0_S0_jjjjjj,dynamic,MIX_AIC,1790434800670165.448	,215.543,350.091000,28,56,NO,N/A,N/A,N/A,N/A,N/A,N/A,N/A,215.22,9789046,5.684,0.026,6.756,0.031,5.75,0.027,31.99,0.149,0.001,0.0,2.014,0.009,0.0,215.24,19766059,0.979,0.005,5.292,0.025,7.542,0.035,5.036,0.023,0.103,98.302
0,4294967295,64,58,_ZN4M15L23m15_layer_kernel_gdn_hcEPhS0_S0_S0_S0_S0_S0_S0_S0_S0_S0_S0_S0_S0_S0_S0_S0_S0_S0_S0_S0_S0_S0_S0_S0_S0_S0_S0_S0_S0_S0_S0_S0_S0_S0_S0_S0_S0_S0_S0_S0_S0_jjjjjj,_ZN4M15L23m15_layer_kernel_gdn_hcEPhS0_S0_S0_S0_S0_S0_S0_S0_S0_S0_S0_S0_S0_S0_S0_S0_S0_S0_S0_S0_S0_S0_S0_S0_S0_S0_S0_S0_S0_S0_S0_S0_S0_S0_S0_S0_S0_S0_S0_S0_S0_jjjjjj,dynamic,MIX_AIC,1790434800670721.775	,355.033,340.707000,28,56,NO,N/A,N/A,N/A,N/A,N/A,N/A,N/A,354.71,16274968,21.506,0.061,11.569,0.033,21.154,0.06,129.832,0.366,0.001,0.0,3.734,0.011,0.0,354.74,32682686,2.53,0.007,5.262,0.015,14.101,0.04,5.796,0.016,0.11,99.222
0,4294967295,65,58,_ZN4M15L23m15_layer_kernel_gdn_hcEPhS0_S0_S0_S0_S0_S0_S0_S0_S0_S0_S0_S0_S0_S0_S0_S0_S0_S0_S0_S0_S0_S0_S0_S0_S0_S0_S0_S0_S0_S0_S0_S0_S0_S0_S0_S0_S0_S0_S0_S0_S0_jjjjjj,_ZN4M15L23m15_layer_kernel_gdn_hcEPhS0_S0_S0_S0_S0_S0_S0_S0_S0_S0_S0_S0_S0_S0_S0_S0_S0_S0_S0_S0_S0_S0_S0_S0_S0_S0_S0_S0_S0_S0_S0_S0_S0_S0_S0_S0_S0_S0_S0_S0_S0_jjjjjj,dynamic,MIX_AIC,1790434800671412.056	,357.941,335.217000,28,56,NO,N/A,N/A,N/A,N/A,N/A,N/A,N/A,357.56,16410555,21.455,0.06,11.407,0.032,21.169,0.059,132.441,0.37,0.001,0.0,3.421,0.01,0.0,357.59,32950261,2.532,0.007,5.031,0.014,13.577,0.038,6.668,0.019,0.089,99.236
0,4294967295,66,58,_ZN4M15L23m15_layer_kernel_gdn_hcEPhS0_S0_S0_S0_S0_S0_S0_S0_S0_S0_S0_S0_S0_S0_S0_S0_S0_S0_S0_S0_S0_S0_S0_S0_S0_S0_S0_S0_S0_S0_S0_S0_S0_S0_S0_S0_S0_S0_S0_S0_S0_jjjjjj,_ZN4M15L23m15_layer_kernel_gdn_hcEPhS0_S0_S0_S0_S0_S0_S0_S0_S0_S0_S0_S0_S0_S0_S0_S0_S0_S0_S0_S0_S0_S0_S0_S0_S0_S0_S0_S0_S0_S0_S0_S0_S0_S0_S0_S0_S0_S0_S0_S0_S0_jjjjjj,dynamic,MIX_AIC,1790434800672112.063	,353.686,342.059000,28,56,NO,N/A,N/A,N/A,N/A,N/A,N/A,N/A,353.31,16218338,21.473,0.061,11.595,0.033,21.054,0.06,128.403,0.363,0.001,0.0,3.774,0.011,0.0,353.33,32555488,2.532,0.007,4.994,0.014,13.343,0.038,6.211,0.018,0.086,99.254
0,4294967295,67,58,_ZN4M15L24m15_layer_kernel_attn_hcEPhS0_S0_S0_S0_S0_S0_S0_S0_S0_S0_S0_S0_S0_S0_S0_S0_S0_S0_S0_S0_S0_S0_S0_S0_S0_S0_S0_S0_S0_S0_S0_S0_S0_S0_S0_S0_S0_S0_S0_S0_S0_jjjjjj,_ZN4M15L24m15_layer_kernel_attn_hcEPhS0_S0_S0_S0_S0_S0_S0_S0_S0_S0_S0_S0_S0_S0_S0_S0_S0_S0_S0_S0_S0_S0_S0_S0_S0_S0_S0_S0_S0_S0_S0_S0_S0_S0_S0_S0_S0_S0_S0_S0_S0_jjjjjj,dynamic,MIX_AIC,1790434800672798.537	,213.541,332.814000,28,56,NO,N/A,N/A,N/A,N/A,N/A,N/A,N/A,212.84,9691978,5.656,0.027,6.983,0.033,5.73,0.027,32.223,0.151,0.001,0.0,2.29,0.011,0.0,212.86,19578080,0.978,0.005,5.414,0.025,7.304,0.034,4.584,0.022,0.103,98.240
0,4294967295,68,58,_ZN4M15L23m15_layer_kernel_gdn_hcEPhS0_S0_S0_S0_S0_S0_S0_S0_S0_S0_S0_S0_S0_S0_S0_S0_S0_S0_S0_S0_S0_S0_S0_S0_S0_S0_S0_S0_S0_S0_S0_S0_S0_S0_S0_S0_S0_S0_S0_S0_S0_jjjjjj,_ZN4M15L23m15_layer_kernel_gdn_hcEPhS0_S0_S0_S0_S0_S0_S0_S0_S0_S0_S0_S0_S0_S0_S0_S0_S0_S0_S0_S0_S0_S0_S0_S0_S0_S0_S0_S0_S0_S0_S0_S0_S0_S0_S0_S0_S0_S0_S0_S0_S0_jjjjjj,dynamic,MIX_AIC,1790434800673337.231	,354.127,325.209000,28,56,NO,N/A,N/A,N/A,N/A,N/A,N/A,N/A,353.79,16246740,21.416,0.061,11.647,0.033,21.16,0.06,130.178,0.368,0.001,0.0,3.521,0.01,0.0,353.82,32600738,2.529,0.007,5.166,0.015,13.259,0.037,6.756,0.019,0.11,99.304
0,4294967295,69,58,_ZN4M15L23m15_layer_kernel_gdn_hcEPhS0_S0_S0_S0_S0_S0_S0_S0_S0_S0_S0_S0_S0_S0_S0_S0_S0_S0_S0_S0_S0_S0_S0_S0_S0_S0_S0_S0_S0_S0_S0_S0_S0_S0_S0_S0_S0_S0_S0_S0_S0_jjjjjj,_ZN4M15L23m15_layer_kernel_gdn_hcEPhS0_S0_S0_S0_S0_S0_S0_S0_S0_S0_S0_S0_S0_S0_S0_S0_S0_S0_S0_S0_S0_S0_S0_S0_S0_S0_S0_S0_S0_S0_S0_S0_S0_S0_S0_S0_S0_S0_S0_S0_S0_jjjjjj,dynamic,MIX_AIC,1790434800674027.347	,357.418,335.873000,28,56,NO,N/A,N/A,N/A,N/A,N/A,N/A,N/A,357.06,16382301,21.51,0.06,11.571,0.032,21.161,0.059,131.584,0.369,0.001,0.0,3.525,0.01,0.0,357.09,32903976,2.533,0.007,5.071,0.014,13.033,0.036,6.366,0.018,0.088,99.210
0,4294967295,70,58,_ZN4M15L23m15_layer_kernel_gdn_hcEPhS0_S0_S0_S0_S0_S0_S0_S0_S0_S0_S0_S0_S0_S0_S0_S0_S0_S0_S0_S0_S0_S0_S0_S0_S0_S0_S0_S0_S0_S0_S0_S0_S0_S0_S0_S0_S0_S0_S0_S0_S0_jjjjjj,_ZN4M15L23m15_layer_kernel_gdn_hcEPhS0_S0_S0_S0_S0_S0_S0_S0_S0_S0_S0_S0_S0_S0_S0_S0_S0_S0_S0_S0_S0_S0_S0_S0_S0_S0_S0_S0_S0_S0_S0_S0_S0_S0_S0_S0_S0_S0_S0_S0_S0_jjjjjj,dynamic,MIX_AIC,1790434800674732.073	,352.614,347.332000,28,56,NO,N/A,N/A,N/A,N/A,N/A,N/A,N/A,352.26,16176726,21.479,0.061,11.38,0.032,21.12,0.06,128.196,0.364,0.001,0.0,3.488,0.01,0.0,352.28,32461557,2.523,0.007,4.857,0.014,13.844,0.039,5.979,0.017,0.086,99.300
0,4294967295,71,58,_ZN4M15L24m15_layer_kernel_attn_hcEPhS0_S0_S0_S0_S0_S0_S0_S0_S0_S0_S0_S0_S0_S0_S0_S0_S0_S0_S0_S0_S0_S0_S0_S0_S0_S0_S0_S0_S0_S0_S0_S0_S0_S0_S0_S0_S0_S0_S0_S0_S0_jjjjjj,_ZN4M15L24m15_layer_kernel_attn_hcEPhS0_S0_S0_S0_S0_S0_S0_S0_S0_S0_S0_S0_S0_S0_S0_S0_S0_S0_S0_S0_S0_S0_S0_S0_S0_S0_S0_S0_S0_S0_S0_S0_S0_S0_S0_S0_S0_S0_S0_S0_S0_jjjjjj,dynamic,MIX_AIC,1790434800675431.551	,215.551,346.886000,28,56,NO,N/A,N/A,N/A,N/A,N/A,N/A,N/A,215.21,9790397,5.628,0.026,6.699,0.031,5.73,0.027,32.066,0.149,0.001,0.0,2.179,0.01,0.0,215.24,19799826,0.977,0.005,5.165,0.024,7.867,0.037,5.103,0.024,0.103,98.312
0,4294967295,72,58,_ZN4M15L23m15_layer_kernel_gdn_hcEPhS0_S0_S0_S0_S0_S0_S0_S0_S0_S0_S0_S0_S0_S0_S0_S0_S0_S0_S0_S0_S0_S0_S0_S0_S0_S0_S0_S0_S0_S0_S0_S0_S0_S0_S0_S0_S0_S0_S0_S0_S0_jjjjjj,_ZN4M15L23m15_layer_kernel_gdn_hcEPhS0_S0_S0_S0_S0_S0_S0_S0_S0_S0_S0_S0_S0_S0_S0_S0_S0_S0_S0_S0_S0_S0_S0_S0_S0_S0_S0_S0_S0_S0_S0_S0_S0_S0_S0_S0_S0_S0_S0_S0_S0_jjjjjj,dynamic,MIX_AIC,1790434800675981.586	,356.954,334.449000,28,56,NO,N/A,N/A,N/A,N/A,N/A,N/A,N/A,356.62,16365617,21.496,0.06,11.697,0.033,21.107,0.059,132.014,0.37,0.001,0.0,3.72,0.01,0.0,356.64,32860596,2.533,0.007,5.395,0.015,14.174,0.04,5.506,0.015,0.111,99.238
0,4294967295,73,58,_ZN4M15L23m15_layer_kernel_gdn_hcEPhS0_S0_S0_S0_S0_S0_S0_S0_S0_S0_S0_S0_S0_S0_S0_S0_S0_S0_S0_S0_S0_S0_S0_S0_S0_S0_S0_S0_S0_S0_S0_S0_S0_S0_S0_S0_S0_S0_S0_S0_S0_jjjjjj,_ZN4M15L23m15_layer_kernel_gdn_hcEPhS0_S0_S0_S0_S0_S0_S0_S0_S0_S0_S0_S0_S0_S0_S0_S0_S0_S0_S0_S0_S0_S0_S0_S0_S0_S0_S0_S0_S0_S0_S0_S0_S0_S0_S0_S0_S0_S0_S0_S0_S0_jjjjjj,dynamic,MIX_AIC,1790434800676714.227	,356.709,375.796000,28,56,NO,N/A,N/A,N/A,N/A,N/A,N/A,N/A,356.34,16359155,21.48,0.06,11.376,0.032,21.093,0.059,131.249,0.368,0.001,0.0,3.515,0.01,0.0,356.36,32837401,2.525,0.007,5.105,0.014,13.507,0.038,6.453,0.018,0.088,99.267
0,4294967295,74,58,_ZN4M15L23m15_layer_kernel_gdn_hcEPhS0_S0_S0_S0_S0_S0_S0_S0_S0_S0_S0_S0_S0_S0_S0_S0_S0_S0_S0_S0_S0_S0_S0_S0_S0_S0_S0_S0_S0_S0_S0_S0_S0_S0_S0_S0_S0_S0_S0_S0_S0_jjjjjj,_ZN4M15L23m15_layer_kernel_gdn_hcEPhS0_S0_S0_S0_S0_S0_S0_S0_S0_S0_S0_S0_S0_S0_S0_S0_S0_S0_S0_S0_S0_S0_S0_S0_S0_S0_S0_S0_S0_S0_S0_S0_S0_S0_S0_S0_S0_S0_S0_S0_S0_jjjjjj,dynamic,MIX_AIC,1790434800677406.967	,358.609,336.041000,28,56,NO,N/A,N/A,N/A,N/A,N/A,N/A,N/A,358.24,16433973,21.498,0.06,11.441,0.032,21.275,0.059,132.568,0.37,0.001,0.0,3.431,0.01,0.0,358.27,32997169,2.54,0.007,4.9,0.014,13.296,0.037,5.624,0.016,0.086,99.193
0,4294967295,75,58,_ZN4M15L24m15_layer_kernel_attn_hcEPhS0_S0_S0_S0_S0_S0_S0_S0_S0_S0_S0_S0_S0_S0_S0_S0_S0_S0_S0_S0_S0_S0_S0_S0_S0_S0_S0_S0_S0_S0_S0_S0_S0_S0_S0_S0_S0_S0_S0_S0_S0_jjjjjj,_ZN4M15L24m15_layer_kernel_attn_hcEPhS0_S0_S0_S0_S0_S0_S0_S0_S0_S0_S0_S0_S0_S0_S0_S0_S0_S0_S0_S0_S0_S0_S0_S0_S0_S0_S0_S0_S0_S0_S0_S0_S0_S0_S0_S0_S0_S0_S0_S0_S0_jjjjjj,dynamic,MIX_AIC,1790434800678108.516	,213.791,342.891000,28,56,NO,N/A,N/A,N/A,N/A,N/A,N/A,N/A,213.46,9711872,5.632,0.026,6.943,0.033,5.758,0.027,32.766,0.153,0.001,0.0,2.202,0.01,0.0,213.49,19621808,0.979,0.005,5.343,0.025,6.944,0.033,5.261,0.025,0.103,98.327
0,4294967295,76,58,_ZN4M15L23m15_layer_kernel_gdn_hcEPhS0_S0_S0_S0_S0_S0_S0_S0_S0_S0_S0_S0_S0_S0_S0_S0_S0_S0_S0_S0_S0_S0_S0_S0_S0_S0_S0_S0_S0_S0_S0_S0_S0_S0_S0_S0_S0_S0_S0_S0_S0_jjjjjj,_ZN4M15L23m15_layer_kernel_gdn_hcEPhS0_S0_S0_S0_S0_S0_S0_S0_S0_S0_S0_S0_S0_S0_S0_S0_S0_S0_S0_S0_S0_S0_S0_S0_S0_S0_S0_S0_S0_S0_S0_S0_S0_S0_S0_S0_S0_S0_S0_S0_S0_jjjjjj,dynamic,MIX_AIC,1790434800678660.417	,355.880,338.209000,28,56,NO,N/A,N/A,N/A,N/A,N/A,N/A,N/A,355.55,16312216,21.505,0.06,11.431,0.032,21.101,0.059,130.561,0.367,0.001,0.0,3.598,0.01,0.0,355.58,32761950,2.528,0.007,5.234,0.015,14.246,0.04,6.206,0.017,0.11,99.213
0,4294967295,77,58,_ZN4M15L23m15_layer_kernel_gdn_hcEPhS0_S0_S0_S0_S0_S0_S0_S0_S0_S0_S0_S0_S0_S0_S0_S0_S0_S0_S0_S0_S0_S0_S0_S0_S0_S0_S0_S0_S0_S0_S0_S0_S0_S0_S0_S0_S0_S0_S0_S0_S0_jjjjjj,_ZN4M15L23m15_layer_kernel_gdn_hcEPhS0_S0_S0_S0_S0_S0_S0_S0_S0_S0_S0_S0_S0_S0_S0_S0_S0_S0_S0_S0_S0_S0_S0_S0_S0_S0_S0_S0_S0_S0_S0_S0_S0_S0_S0_S0_S0_S0_S0_S0_S0_jjjjjj,dynamic,MIX_AIC,1790434800679367.805	,354.209,351.370000,28,56,NO,N/A,N/A,N/A,N/A,N/A,N/A,N/A,353.84,16233987,21.47,0.061,11.554,0.033,21.138,0.06,128.274,0.363,0.001,0.0,3.529,0.01,0.0,353.87,32604628,2.535,0.007,5.268,0.015,13.443,0.038,6.349,0.018,0.088,99.203
0,4294967295,78,58,_ZN4M15L23m15_layer_kernel_gdn_hcEPhS0_S0_S0_S0_S0_S0_S0_S0_S0_S0_S0_S0_S0_S0_S0_S0_S0_S0_S0_S0_S0_S0_S0_S0_S0_S0_S0_S0_S0_S0_S0_S0_S0_S0_S0_S0_S0_S0_S0_S0_S0_jjjjjj,_ZN4M15L23m15_layer_kernel_gdn_hcEPhS0_S0_S0_S0_S0_S0_S0_S0_S0_S0_S0_S0_S0_S0_S0_S0_S0_S0_S0_S0_S0_S0_S0_S0_S0_S0_S0_S0_S0_S0_S0_S0_S0_S0_S0_S0_S0_S0_S0_S0_S0_jjjjjj,dynamic,MIX_AIC,1790434800680052.625	,359.486,330.541000,28,56,NO,N/A,N/A,N/A,N/A,N/A,N/A,N/A,359.12,16475465,21.458,0.06,11.76,0.033,21.222,0.059,132.89,0.37,0.001,0.0,3.617,0.01,0.0,359.14,33079091,2.526,0.007,4.989,0.014,13.605,0.038,6.339,0.018,0.086,99.200
0,4294967295,79,58,_ZN4M15L24m15_layer_kernel_attn_hcEPhS0_S0_S0_S0_S0_S0_S0_S0_S0_S0_S0_S0_S0_S0_S0_S0_S0_S0_S0_S0_S0_S0_S0_S0_S0_S0_S0_S0_S0_S0_S0_S0_S0_S0_S0_S0_S0_S0_S0_S0_S0_jjjjjj,_ZN4M15L24m15_layer_kernel_attn_hcEPhS0_S0_S0_S0_S0_S0_S0_S0_S0_S0_S0_S0_S0_S0_S0_S0_S0_S0_S0_S0_S0_S0_S0_S0_S0_S0_S0_S0_S0_S0_S0_S0_S0_S0_S0_S0_S0_S0_S0_S0_S0_jjjjjj,dynamic,MIX_AIC,1790434800680750.981	,214.799,339.014000,28,56,NO,N/A,N/A,N/A,N/A,N/A,N/A,N/A,214.47,9770258,5.662,0.026,7.181,0.033,5.765,0.027,31.879,0.149,0.001,0.0,2.255,0.011,0.0,214.49,19728094,0.977,0.005,5.805,0.027,7.62,0.036,5.07,0.024,0.103,98.454
0,4294967295,80,58,_ZN4M15L23m15_layer_kernel_gdn_hcEPhS0_S0_S0_S0_S0_S0_S0_S0_S0_S0_S0_S0_S0_S0_S0_S0_S0_S0_S0_S0_S0_S0_S0_S0_S0_S0_S0_S0_S0_S0_S0_S0_S0_S0_S0_S0_S0_S0_S0_S0_S0_jjjjjj,_ZN4M15L23m15_layer_kernel_gdn_hcEPhS0_S0_S0_S0_S0_S0_S0_S0_S0_S0_S0_S0_S0_S0_S0_S0_S0_S0_S0_S0_S0_S0_S0_S0_S0_S0_S0_S0_S0_S0_S0_S0_S0_S0_S0_S0_S0_S0_S0_S0_S0_jjjjjj,dynamic,MIX_AIC,1790434800681297.475	,355.787,331.701000,28,56,NO,N/A,N/A,N/A,N/A,N/A,N/A,N/A,355.46,16312169,21.464,0.06,11.412,0.032,21.129,0.059,130.343,0.367,0.001,0.0,3.601,0.01,0.0,355.48,32752905,2.53,0.007,5.2,0.015,13.733,0.039,6.349,0.018,0.111,99.238
0,4294967295,81,58,_ZN4M15L23m15_layer_kernel_gdn_hcEPhS0_S0_S0_S0_S0_S0_S0_S0_S0_S0_S0_S0_S0_S0_S0_S0_S0_S0_S0_S0_S0_S0_S0_S0_S0_S0_S0_S0_S0_S0_S0_S0_S0_S0_S0_S0_S0_S0_S0_S0_S0_jjjjjj,_ZN4M15L23m15_layer_kernel_gdn_hcEPhS0_S0_S0_S0_S0_S0_S0_S0_S0_S0_S0_S0_S0_S0_S0_S0_S0_S0_S0_S0_S0_S0_S0_S0_S0_S0_S0_S0_S0_S0_S0_S0_S0_S0_S0_S0_S0_S0_S0_S0_S0_jjjjjj,dynamic,MIX_AIC,1790434800681997.505	,353.229,344.213000,28,56,NO,N/A,N/A,N/A,N/A,N/A,N/A,N/A,352.84,16182568,21.474,0.061,11.485,0.033,21.12,0.06,127.294,0.361,0.001,0.0,3.429,0.01,0.0,352.87,32497536,2.529,0.007,5.124,0.015,13.631,0.039,6.383,0.018,0.088,99.163
0,4294967295,82,58,_ZN4M15L23m15_layer_kernel_gdn_hcEPhS0_S0_S0_S0_S0_S0_S0_S0_S0_S0_S0_S0_S0_S0_S0_S0_S0_S0_S0_S0_S0_S0_S0_S0_S0_S0_S0_S0_S0_S0_S0_S0_S0_S0_S0_S0_S0_S0_S0_S0_S0_jjjjjj,_ZN4M15L23m15_layer_kernel_gdn_hcEPhS0_S0_S0_S0_S0_S0_S0_S0_S0_S0_S0_S0_S0_S0_S0_S0_S0_S0_S0_S0_S0_S0_S0_S0_S0_S0_S0_S0_S0_S0_S0_S0_S0_S0_S0_S0_S0_S0_S0_S0_S0_jjjjjj,dynamic,MIX_AIC,1790434800682680.188	,354.952,329.521000,28,56,NO,N/A,N/A,N/A,N/A,N/A,N/A,N/A,354.56,16252809,21.559,0.061,11.693,0.033,21.119,0.06,127.867,0.361,0.001,0.0,3.557,0.01,0.0,354.59,32657507,2.532,0.007,5.204,0.015,14.19,0.04,6.647,0.019,0.086,99.110
0,4294967295,83,58,_ZN4M15L24m15_layer_kernel_attn_hcEPhS0_S0_S0_S0_S0_S0_S0_S0_S0_S0_S0_S0_S0_S0_S0_S0_S0_S0_S0_S0_S0_S0_S0_S0_S0_S0_S0_S0_S0_S0_S0_S0_S0_S0_S0_S0_S0_S0_S0_S0_S0_jjjjjj,_ZN4M15L24m15_layer_kernel_attn_hcEPhS0_S0_S0_S0_S0_S0_S0_S0_S0_S0_S0_S0_S0_S0_S0_S0_S0_S0_S0_S0_S0_S0_S0_S0_S0_S0_S0_S0_S0_S0_S0_S0_S0_S0_S0_S0_S0_S0_S0_S0_S0_jjjjjj,dynamic,MIX_AIC,1790434800683377.931	,213.450,342.798000,28,56,NO,N/A,N/A,N/A,N/A,N/A,N/A,N/A,212.74,9686554,5.643,0.027,6.684,0.031,5.742,0.027,31.909,0.15,0.001,0.0,2.218,0.01,0.0,212.76,19570447,0.978,0.005,5.277,0.025,7.484,0.035,4.807,0.023,0.103,98.227
0,4294967295,84,58,_ZN4M15L23m15_layer_kernel_gdn_hcEPhS0_S0_S0_S0_S0_S0_S0_S0_S0_S0_S0_S0_S0_S0_S0_S0_S0_S0_S0_S0_S0_S0_S0_S0_S0_S0_S0_S0_S0_S0_S0_S0_S0_S0_S0_S0_S0_S0_S0_S0_S0_jjjjjj,_ZN4M15L23m15_layer_kernel_gdn_hcEPhS0_S0_S0_S0_S0_S0_S0_S0_S0_S0_S0_S0_S0_S0_S0_S0_S0_S0_S0_S0_S0_S0_S0_S0_S0_S0_S0_S0_S0_S0_S0_S0_S0_S0_S0_S0_S0_S0_S0_S0_S0_jjjjjj,dynamic,MIX_AIC,1790434800683934.134	,359.487,342.800000,28,56,NO,N/A,N/A,N/A,N/A,N/A,N/A,N/A,359.15,16481747,21.475,0.06,11.715,0.033,21.108,0.059,131.052,0.365,0.001,0.0,3.382,0.009,0.0,359.17,33081981,2.525,0.007,4.957,0.014,13.582,0.038,6.399,0.018,0.111,99.238
0,4294967295,85,58,_ZN4M15L23m15_layer_kernel_gdn_hcEPhS0_S0_S0_S0_S0_S0_S0_S0_S0_S0_S0_S0_S0_S0_S0_S0_S0_S0_S0_S0_S0_S0_S0_S0_S0_S0_S0_S0_S0_S0_S0_S0_S0_S0_S0_S0_S0_S0_S0_S0_S0_jjjjjj,_ZN4M15L23m15_layer_kernel_gdn_hcEPhS0_S0_S0_S0_S0_S0_S0_S0_S0_S0_S0_S0_S0_S0_S0_S0_S0_S0_S0_S0_S0_S0_S0_S0_S0_S0_S0_S0_S0_S0_S0_S0_S0_S0_S0_S0_S0_S0_S0_S0_S0_jjjjjj,dynamic,MIX_AIC,1790434800684639.087	,354.553,345.263000,28,56,NO,N/A,N/A,N/A,N/A,N/A,N/A,N/A,354.21,16259874,21.459,0.061,11.896,0.034,21.241,0.06,132.082,0.373,0.001,0.0,3.578,0.01,0.0,354.24,32639765,2.527,0.007,5.291,0.015,12.847,0.036,5.895,0.017,0.087,99.265
0,4294967295,86,58,_ZN4M15L23m15_layer_kernel_gdn_hcEPhS0_S0_S0_S0_S0_S0_S0_S0_S0_S0_S0_S0_S0_S0_S0_S0_S0_S0_S0_S0_S0_S0_S0_S0_S0_S0_S0_S0_S0_S0_S0_S0_S0_S0_S0_S0_S0_S0_S0_S0_S0_jjjjjj,_ZN4M15L23m15_layer_kernel_gdn_hcEPhS0_S0_S0_S0_S0_S0_S0_S0_S0_S0_S0_S0_S0_S0_S0_S0_S0_S0_S0_S0_S0_S0_S0_S0_S0_S0_S0_S0_S0_S0_S0_S0_S0_S0_S0_S0_S0_S0_S0_S0_S0_jjjjjj,dynamic,MIX_AIC,1790434800685328.953	,356.531,335.447000,28,56,NO,N/A,N/A,N/A,N/A,N/A,N/A,N/A,356.19,16353419,21.467,0.06,11.586,0.033,21.188,0.059,130.999,0.368,0.001,0.0,3.385,0.01,0.0,356.22,32822974,2.524,0.007,5.048,0.014,13.35,0.037,6.306,0.018,0.087,99.282
0,4294967295,87,58,_ZN4M15L24m15_layer_kernel_attn_hcEPhS0_S0_S0_S0_S0_S0_S0_S0_S0_S0_S0_S0_S0_S0_S0_S0_S0_S0_S0_S0_S0_S0_S0_S0_S0_S0_S0_S0_S0_S0_S0_S0_S0_S0_S0_S0_S0_S0_S0_S0_S0_jjjjjj,_ZN4M15L24m15_layer_kernel_attn_hcEPhS0_S0_S0_S0_S0_S0_S0_S0_S0_S0_S0_S0_S0_S0_S0_S0_S0_S0_S0_S0_S0_S0_S0_S0_S0_S0_S0_S0_S0_S0_S0_S0_S0_S0_S0_S0_S0_S0_S0_S0_S0_jjjjjj,dynamic,MIX_AIC,1790434800685998.472	,212.890,312.969000,28,56,NO,N/A,N/A,N/A,N/A,N/A,N/A,N/A,212.55,9688322,5.608,0.026,6.603,0.031,5.74,0.027,31.932,0.15,0.001,0.0,2.3,0.011,0.0,212.57,19550950,0.977,0.005,5.222,0.025,7.965,0.037,5.193,0.024,0.103,98.503
0,4294967295,88,58,_ZN4M15L23m15_layer_kernel_gdn_hcEPhS0_S0_S0_S0_S0_S0_S0_S0_S0_S0_S0_S0_S0_S0_S0_S0_S0_S0_S0_S0_S0_S0_S0_S0_S0_S0_S0_S0_S0_S0_S0_S0_S0_S0_S0_S0_S0_S0_S0_S0_S0_jjjjjj,_ZN4M15L23m15_layer_kernel_gdn_hcEPhS0_S0_S0_S0_S0_S0_S0_S0_S0_S0_S0_S0_S0_S0_S0_S0_S0_S0_S0_S0_S0_S0_S0_S0_S0_S0_S0_S0_S0_S0_S0_S0_S0_S0_S0_S0_S0_S0_S0_S0_S0_jjjjjj,dynamic,MIX_AIC,1790434800686557.756	,354.638,346.360000,28,56,NO,N/A,N/A,N/A,N/A,N/A,N/A,N/A,354.29,16255683,21.465,0.061,11.215,0.032,21.082,0.06,127.733,0.361,0.001,0.0,3.655,0.01,0.0,354.32,32644766,2.532,0.007,5.242,0.015,13.593,0.038,6.332,0.018,0.111,99.215
0,4294967295,89,58,_ZN4M15L23m15_layer_kernel_gdn_hcEPhS0_S0_S0_S0_S0_S0_S0_S0_S0_S0_S0_S0_S0_S0_S0_S0_S0_S0_S0_S0_S0_S0_S0_S0_S0_S0_S0_S0_S0_S0_S0_S0_S0_S0_S0_S0_S0_S0_S0_S0_S0_jjjjjj,_ZN4M15L23m15_layer_kernel_gdn_hcEPhS0_S0_S0_S0_S0_S0_S0_S0_S0_S0_S0_S0_S0_S0_S0_S0_S0_S0_S0_S0_S0_S0_S0_S0_S0_S0_S0_S0_S0_S0_S0_S0_S0_S0_S0_S0_S0_S0_S0_S0_S0_jjjjjj,dynamic,MIX_AIC,1790434800687242.783	,362.997,330.362000,28,56,NO,N/A,N/A,N/A,N/A,N/A,N/A,N/A,362.64,16648385,21.505,0.059,11.993,0.033,21.221,0.059,136.179,0.376,0.001,0.0,3.529,0.01,0.0,362.66,33418875,2.529,0.007,5.573,0.015,13.502,0.037,5.639,0.016,0.089,99.272
0,4294967295,90,58,_ZN4M15L23m15_layer_kernel_gdn_hcEPhS0_S0_S0_S0_S0_S0_S0_S0_S0_S0_S0_S0_S0_S0_S0_S0_S0_S0_S0_S0_S0_S0_S0_S0_S0_S0_S0_S0_S0_S0_S0_S0_S0_S0_S0_S0_S0_S0_S0_S0_S0_jjjjjj,_ZN4M15L23m15_layer_kernel_gdn_hcEPhS0_S0_S0_S0_S0_S0_S0_S0_S0_S0_S0_S0_S0_S0_S0_S0_S0_S0_S0_S0_S0_S0_S0_S0_S0_S0_S0_S0_S0_S0_S0_S0_S0_S0_S0_S0_S0_S0_S0_S0_S0_jjjjjj,dynamic,MIX_AIC,1790434800687949.158	,352.732,343.503000,28,56,NO,N/A,N/A,N/A,N/A,N/A,N/A,N/A,352.38,16169976,21.473,0.061,11.48,0.033,21.138,0.06,126.986,0.36,0.001,0.0,3.611,0.01,0.0,352.4,32468750,2.529,0.007,5.075,0.014,14.096,0.04,6.477,0.018,0.088,99.225
0,4294967295,91,58,_ZN4M15L24m15_layer_kernel_attn_hcEPhS0_S0_S0_S0_S0_S0_S0_S0_S0_S0_S0_S0_S0_S0_S0_S0_S0_S0_S0_S0_S0_S0_S0_S0_S0_S0_S0_S0_S0_S0_S0_S0_S0_S0_S0_S0_S0_S0_S0_S0_S0_jjjjjj,_ZN4M15L24m15_layer_kernel_attn_hcEPhS0_S0_S0_S0_S0_S0_S0_S0_S0_S0_S0_S0_S0_S0_S0_S0_S0_S0_S0_S0_S0_S0_S0_S0_S0_S0_S0_S0_S0_S0_S0_S0_S0_S0_S0_S0_S0_S0_S0_S0_S0_jjjjjj,dynamic,MIX_AIC,1790434800688654.072	,214.497,352.018000,28,56,NO,N/A,N/A,N/A,N/A,N/A,N/A,N/A,214.16,9744930,5.671,0.026,6.637,0.031,5.769,0.027,31.593,0.148,0.001,0.0,2.14,0.01,0.0,214.19,19686150,0.979,0.005,5.138,0.024,7.32,0.034,5.054,0.024,0.103,98.337
0,4294967295,92,58,_ZN4M15L23m15_layer_kernel_gdn_hcEPhS0_S0_S0_S0_S0_S0_S0_S0_S0_S0_S0_S0_S0_S0_S0_S0_S0_S0_S0_S0_S0_S0_S0_S0_S0_S0_S0_S0_S0_S0_S0_S0_S0_S0_S0_S0_S0_S0_S0_S0_S0_jjjjjj,_ZN4M15L23m15_layer_kernel_gdn_hcEPhS0_S0_S0_S0_S0_S0_S0_S0_S0_S0_S0_S0_S0_S0_S0_S0_S0_S0_S0_S0_S0_S0_S0_S0_S0_S0_S0_S0_S0_S0_S0_S0_S0_S0_S0_S0_S0_S0_S0_S0_S0_jjjjjj,dynamic,MIX_AIC,1790434800689204.130	,359.088,335.753000,28,56,NO,N/A,N/A,N/A,N/A,N/A,N/A,N/A,358.75,16463740,21.492,0.06,11.624,0.032,21.22,0.059,131.728,0.367,0.001,0.0,3.593,0.01,0.0,358.78,33058332,2.528,0.007,5.149,0.014,13.555,0.038,6.303,0.018,0.111,99.240
0,4294967295,93,58,_ZN4M15L23m15_layer_kernel_gdn_hcEPhS0_S0_S0_S0_S0_S0_S0_S0_S0_S0_S0_S0_S0_S0_S0_S0_S0_S0_S0_S0_S0_S0_S0_S0_S0_S0_S0_S0_S0_S0_S0_S0_S0_S0_S0_S0_S0_S0_S0_S0_S0_jjjjjj,_ZN4M15L23m15_layer_kernel_gdn_hcEPhS0_S0_S0_S0_S0_S0_S0_S0_S0_S0_S0_S0_S0_S0_S0_S0_S0_S0_S0_S0_S0_S0_S0_S0_S0_S0_S0_S0_S0_S0_S0_S0_S0_S0_S0_S0_S0_S0_S0_S0_S0_jjjjjj,dynamic,MIX_AIC,1790434800689899.559	,357.838,336.162000,28,56,NO,N/A,N/A,N/A,N/A,N/A,N/A,N/A,357.49,16407369,21.461,0.06,11.462,0.032,21.171,0.059,131.034,0.367,0.001,0.0,3.427,0.01,0.0,357.51,32943939,2.54,0.007,5.234,0.015,14.655,0.041,6.6,0.018,0.088,99.245
0,4294967295,94,58,_ZN4M15L23m15_layer_kernel_gdn_hcEPhS0_S0_S0_S0_S0_S0_S0_S0_S0_S0_S0_S0_S0_S0_S0_S0_S0_S0_S0_S0_S0_S0_S0_S0_S0_S0_S0_S0_S0_S0_S0_S0_S0_S0_S0_S0_S0_S0_S0_S0_S0_jjjjjj,_ZN4M15L23m15_layer_kernel_gdn_hcEPhS0_S0_S0_S0_S0_S0_S0_S0_S0_S0_S0_S0_S0_S0_S0_S0_S0_S0_S0_S0_S0_S0_S0_S0_S0_S0_S0_S0_S0_S0_S0_S0_S0_S0_S0_S0_S0_S0_S0_S0_S0_jjjjjj,dynamic,MIX_AIC,1790434800690600.604	,359.367,343.162000,28,56,NO,N/A,N/A,N/A,N/A,N/A,N/A,N/A,359.02,16487144,21.501,0.06,11.375,0.032,21.204,0.059,132.815,0.37,0.001,0.0,3.662,0.01,0.0,359.04,33084138,2.525,0.007,4.888,0.014,14.649,0.041,6.458,0.018,0.087,99.304
0,4294967295,95,58,_ZN4M15L24m15_layer_kernel_attn_hcEPhS0_S0_S0_S0_S0_S0_S0_S0_S0_S0_S0_S0_S0_S0_S0_S0_S0_S0_S0_S0_S0_S0_S0_S0_S0_S0_S0_S0_S0_S0_S0_S0_S0_S0_S0_S0_S0_S0_S0_S0_S0_jjjjjj,_ZN4M15L24m15_layer_kernel_attn_hcEPhS0_S0_S0_S0_S0_S0_S0_S0_S0_S0_S0_S0_S0_S0_S0_S0_S0_S0_S0_S0_S0_S0_S0_S0_S0_S0_S0_S0_S0_S0_S0_S0_S0_S0_S0_S0_S0_S0_S0_S0_S0_jjjjjj,dynamic,MIX_AIC,1790434800691297.212	,213.585,337.383000,28,56,NO,N/A,N/A,N/A,N/A,N/A,N/A,N/A,213.25,9713581,5.658,0.027,7.129,0.033,5.733,0.027,31.761,0.149,0.001,0.0,2.267,0.011,0.0,213.27,19614814,0.977,0.005,5.623,0.026,7.302,0.034,5.105,0.024,0.103,98.439
0,4294967295,96,58,_ZN4M15L23m15_layer_kernel_gdn_hcEPhS0_S0_S0_S0_S0_S0_S0_S0_S0_S0_S0_S0_S0_S0_S0_S0_S0_S0_S0_S0_S0_S0_S0_S0_S0_S0_S0_S0_S0_S0_S0_S0_S0_S0_S0_S0_S0_S0_S0_S0_S0_jjjjjj,_ZN4M15L23m15_layer_kernel_gdn_hcEPhS0_S0_S0_S0_S0_S0_S0_S0_S0_S0_S0_S0_S0_S0_S0_S0_S0_S0_S0_S0_S0_S0_S0_S0_S0_S0_S0_S0_S0_S0_S0_S0_S0_S0_S0_S0_S0_S0_S0_S0_S0_jjjjjj,dynamic,MIX_AIC,1790434800691841.621	,351.025,330.665000,28,56,NO,N/A,N/A,N/A,N/A,N/A,N/A,N/A,350.69,16094186,21.501,0.061,11.483,0.033,21.059,0.06,127.357,0.363,0.001,0.0,3.453,0.01,0.0,350.71,32314049,2.529,0.007,5.139,0.015,13.445,0.038,6.162,0.018,0.111,99.241
0,4294967295,97,58,_ZN4M15L23m15_layer_kernel_gdn_hcEPhS0_S0_S0_S0_S0_S0_S0_S0_S0_S0_S0_S0_S0_S0_S0_S0_S0_S0_S0_S0_S0_S0_S0_S0_S0_S0_S0_S0_S0_S0_S0_S0_S0_S0_S0_S0_S0_S0_S0_S0_S0_jjjjjj,_ZN4M15L23m15_layer_kernel_gdn_hcEPhS0_S0_S0_S0_S0_S0_S0_S0_S0_S0_S0_S0_S0_S0_S0_S0_S0_S0_S0_S0_S0_S0_S0_S0_S0_S0_S0_S0_S0_S0_S0_S0_S0_S0_S0_S0_S0_S0_S0_S0_S0_jjjjjj,dynamic,MIX_AIC,1790434800692523.452	,351.579,330.975000,28,56,NO,N/A,N/A,N/A,N/A,N/A,N/A,N/A,351.21,16116779,21.528,0.061,11.394,0.032,21.059,0.06,126.797,0.361,0.001,0.0,3.463,0.01,0.0,351.23,32362602,2.528,0.007,4.939,0.014,13.124,0.037,5.986,0.017,0.089,99.223
0,4294967295,98,58,_ZN4M15L23m15_layer_kernel_gdn_hcEPhS0_S0_S0_S0_S0_S0_S0_S0_S0_S0_S0_S0_S0_S0_S0_S0_S0_S0_S0_S0_S0_S0_S0_S0_S0_S0_S0_S0_S0_S0_S0_S0_S0_S0_S0_S0_S0_S0_S0_S0_S0_jjjjjj,_ZN4M15L23m15_layer_kernel_gdn_hcEPhS0_S0_S0_S0_S0_S0_S0_S0_S0_S0_S0_S0_S0_S0_S0_S0_S0_S0_S0_S0_S0_S0_S0_S0_S0_S0_S0_S0_S0_S0_S0_S0_S0_S0_S0_S0_S0_S0_S0_S0_S0_jjjjjj,dynamic,MIX_AIC,1790434800693215.600	,360.578,340.421000,28,56,NO,N/A,N/A,N/A,N/A,N/A,N/A,N/A,360.21,16537505,21.446,0.06,11.907,0.033,21.082,0.059,131.645,0.365,0.001,0.0,3.842,0.011,0.0,360.23,33194223,2.529,0.007,5.198,0.014,14.01,0.039,6.044,0.017,0.087,99.272
0,4294967295,99,58,_ZN4M15L24m15_layer_kernel_attn_hcEPhS0_S0_S0_S0_S0_S0_S0_S0_S0_S0_S0_S0_S0_S0_S0_S0_S0_S0_S0_S0_S0_S0_S0_S0_S0_S0_S0_S0_S0_S0_S0_S0_S0_S0_S0_S0_S0_S0_S0_S0_S0_jjjjjj,_ZN4M15L24m15_layer_kernel_attn_hcEPhS0_S0_S0_S0_S0_S0_S0_S0_S0_S0_S0_S0_S0_S0_S0_S0_S0_S0_S0_S0_S0_S0_S0_S0_S0_S0_S0_S0_S0_S0_S0_S0_S0_S0_S0_S0_S0_S0_S0_S0_S0_jjjjjj,dynamic,MIX_AIC,1790434800693909.679	,213.194,333.672000,28,56,NO,N/A,N/A,N/A,N/A,N/A,N/A,N/A,212.5,9674359,5.654,0.027,6.814,0.032,5.745,0.027,32.156,0.151,0.001,0.0,2.215,0.01,0.0,212.53,19534915,0.979,0.005,5.318,0.025,7.365,0.035,4.581,0.022,0.103,98.221
0,4294967295,100,58,_ZN4M15L22m15_final_mixer_kernelEPhS0_S0_jS0_S0_S0_S0_S0_j,_ZN4M15L22m15_final_mixer_kernelEPhS0_S0_jS0_S0_S0_S0_S0_j,dynamic,MIX_AIC,1790434800694876.688	,74.855,753.806000,28,56,NO,N/A,N/A,N/A,N/A,N/A,N/A,N/A,74.53,3407078,1.806,0.024,1.654,0.022,1.736,0.023,9.825,0.132,0.001,0.0,0.812,0.011,0.0,74.56,6833850,0.387,0.005,1.761,0.024,1.815,0.024,2.757,0.037,0.039,98.519
0,4294967295,101,58,_ZN4M15L23m15_layer_kernel_gdn_hcEPhS0_S0_S0_S0_S0_S0_S0_S0_S0_S0_S0_S0_S0_S0_S0_S0_S0_S0_S0_S0_S0_S0_S0_S0_S0_S0_S0_S0_S0_S0_S0_S0_S0_S0_S0_S0_S0_S0_S0_S0_S0_jjjjjj,_ZN4M15L23m15_layer_kernel_gdn_hcEPhS0_S0_S0_S0_S0_S0_S0_S0_S0_S0_S0_S0_S0_S0_S0_S0_S0_S0_S0_S0_S0_S0_S0_S0_S0_S0_S0_S0_S0_S0_S0_S0_S0_S0_S0_S0_S0_S0_S0_S0_S0_jjjjjj,dynamic,MIX_AIC,1790434800710898.758	,341.374,15947.145000,28,56,NO,N/A,N/A,N/A,N/A,N/A,N/A,N/A,341.01,15642206,21.519,0.063,11.512,0.034,20.976,0.062,123.188,0.361,0.001,0.0,3.601,0.011,0.0,341.03,31422095,2.212,0.006,4.72,0.014,12.119,0.036,4.074,0.012,0.138,99.180
0,4294967295,102,58,_ZN4M15L23m15_layer_kernel_gdn_hcEPhS0_S0_S0_S0_S0_S0_S0_S0_S0_S0_S0_S0_S0_S0_S0_S0_S0_S0_S0_S0_S0_S0_S0_S0_S0_S0_S0_S0_S0_S0_S0_S0_S0_S0_S0_S0_S0_S0_S0_S0_S0_jjjjjj,_ZN4M15L23m15_layer_kernel_gdn_hcEPhS0_S0_S0_S0_S0_S0_S0_S0_S0_S0_S0_S0_S0_S0_S0_S0_S0_S0_S0_S0_S0_S0_S0_S0_S0_S0_S0_S0_S0_S0_S0_S0_S0_S0_S0_S0_S0_S0_S0_S0_S0_jjjjjj,dynamic,MIX_AIC,1790434800711650.200	,353.287,410.126000,28,56,NO,N/A,N/A,N/A,N/A,N/A,N/A,N/A,352.92,16196856,21.495,0.061,11.473,0.033,21.075,0.06,127.287,0.361,0.001,0.0,3.536,0.01,0.0,352.95,32520253,2.526,0.007,5.203,0.015,13.696,0.039,5.875,0.017,0.089,99.234
0,4294967295,103,58,_ZN4M15L23m15_layer_kernel_gdn_hcEPhS0_S0_S0_S0_S0_S0_S0_S0_S0_S0_S0_S0_S0_S0_S0_S0_S0_S0_S0_S0_S0_S0_S0_S0_S0_S0_S0_S0_S0_S0_S0_S0_S0_S0_S0_S0_S0_S0_S0_S0_S0_jjjjjj,_ZN4M15L23m15_layer_kernel_gdn_hcEPhS0_S0_S0_S0_S0_S0_S0_S0_S0_S0_S0_S0_S0_S0_S0_S0_S0_S0_S0_S0_S0_S0_S0_S0_S0_S0_S0_S0_S0_S0_S0_S0_S0_S0_S0_S0_S0_S0_S0_S0_S0_jjjjjj,dynamic,MIX_AIC,1790434800712335.445	,353.844,331.963000,28,56,NO,N/A,N/A,N/A,N/A,N/A,N/A,N/A,353.52,16202611,21.496,0.061,11.779,0.033,21.102,0.06,128.367,0.363,0.001,0.0,3.584,0.01,0.0,353.54,32558883,2.536,0.007,5.045,0.014,12.884,0.036,6.264,0.018,0.087,99.113
0,4294967295,104,58,_ZN4M15L24m15_layer_kernel_attn_hcEPhS0_S0_S0_S0_S0_S0_S0_S0_S0_S0_S0_S0_S0_S0_S0_S0_S0_S0_S0_S0_S0_S0_S0_S0_S0_S0_S0_S0_S0_S0_S0_S0_S0_S0_S0_S0_S0_S0_S0_S0_S0_jjjjjj,_ZN4M15L24m15_layer_kernel_attn_hcEPhS0_S0_S0_S0_S0_S0_S0_S0_S0_S0_S0_S0_S0_S0_S0_S0_S0_S0_S0_S0_S0_S0_S0_S0_S0_S0_S0_S0_S0_S0_S0_S0_S0_S0_S0_S0_S0_S0_S0_S0_S0_jjjjjj,dynamic,MIX_AIC,1790434800713009.963	,213.364,320.656000,28,56,NO,N/A,N/A,N/A,N/A,N/A,N/A,N/A,213.04,9705040,5.617,0.026,6.86,0.032,5.713,0.027,31.662,0.149,0.001,0.0,2.037,0.01,0.0,213.06,19598653,0.978,0.005,5.415,0.025,7.619,0.036,5.011,0.024,0.103,98.454
0,4294967295,105,58,_ZN4M15L23m15_layer_kernel_gdn_hcEPhS0_S0_S0_S0_S0_S0_S0_S0_S0_S0_S0_S0_S0_S0_S0_S0_S0_S0_S0_S0_S0_S0_S0_S0_S0_S0_S0_S0_S0_S0_S0_S0_S0_S0_S0_S0_S0_S0_S0_S0_S0_jjjjjj,_ZN4M15L23m15_layer_kernel_gdn_hcEPhS0_S0_S0_S0_S0_S0_S0_S0_S0_S0_S0_S0_S0_S0_S0_S0_S0_S0_S0_S0_S0_S0_S0_S0_S0_S0_S0_S0_S0_S0_S0_S0_S0_S0_S0_S0_S0_S0_S0_S0_S0_jjjjjj,dynamic,MIX_AIC,1790434800713553.894	,351.728,330.636000,28,56,NO,N/A,N/A,N/A,N/A,N/A,N/A,N/A,351.35,16121800,21.516,0.061,11.355,0.032,21.128,0.06,128.956,0.367,0.001,0.0,3.663,0.01,0.0,351.37,32372598,2.523,0.007,5.187,0.015,13.469,0.038,5.95,0.017,0.11,99.212
0,4294967295,106,58,_ZN4M15L23m15_layer_kernel_gdn_hcEPhS0_S0_S0_S0_S0_S0_S0_S0_S0_S0_S0_S0_S0_S0_S0_S0_S0_S0_S0_S0_S0_S0_S0_S0_S0_S0_S0_S0_S0_S0_S0_S0_S0_S0_S0_S0_S0_S0_S0_S0_S0_jjjjjj,_ZN4M15L23m15_layer_kernel_gdn_hcEPhS0_S0_S0_S0_S0_S0_S0_S0_S0_S0_S0_S0_S0_S0_S0_S0_S0_S0_S0_S0_S0_S0_S0_S0_S0_S0_S0_S0_S0_S0_S0_S0_S0_S0_S0_S0_S0_S0_S0_S0_S0_jjjjjj,dynamic,MIX_AIC,1790434800714235.030	,359.415,329.272000,28,56,NO,N/A,N/A,N/A,N/A,N/A,N/A,N/A,359.03,16479221,21.512,0.06,11.561,0.032,21.187,0.059,134.021,0.373,0.001,0.0,3.672,0.01,0.0,359.06,33084122,2.525,0.007,5.383,0.015,13.44,0.037,5.998,0.017,0.088,99.243
0,4294967295,107,58,_ZN4M15L23m15_layer_kernel_gdn_hcEPhS0_S0_S0_S0_S0_S0_S0_S0_S0_S0_S0_S0_S0_S0_S0_S0_S0_S0_S0_S0_S0_S0_S0_S0_S0_S0_S0_S0_S0_S0_S0_S0_S0_S0_S0_S0_S0_S0_S0_S0_S0_jjjjjj,_ZN4M15L23m15_layer_kernel_gdn_hcEPhS0_S0_S0_S0_S0_S0_S0_S0_S0_S0_S0_S0_S0_S0_S0_S0_S0_S0_S0_S0_S0_S0_S0_S0_S0_S0_S0_S0_S0_S0_S0_S0_S0_S0_S0_S0_S0_S0_S0_S0_S0_jjjjjj,dynamic,MIX_AIC,1790434800714915.529	,349.577,321.085000,28,56,NO,N/A,N/A,N/A,N/A,N/A,N/A,N/A,349.27,16010884,21.514,0.062,11.493,0.033,21.102,0.06,125.929,0.361,0.001,0.0,3.73,0.011,0.0,349.3,32169104,2.529,0.007,4.953,0.014,13.784,0.039,5.869,0.017,0.086,99.136
0,4294967295,108,58,_ZN4M15L24m15_layer_kernel_attn_hcEPhS0_S0_S0_S0_S0_S0_S0_S0_S0_S0_S0_S0_S0_S0_S0_S0_S0_S0_S0_S0_S0_S0_S0_S0_S0_S0_S0_S0_S0_S0_S0_S0_S0_S0_S0_S0_S0_S0_S0_S0_S0_jjjjjj,_ZN4M15L24m15_layer_kernel_attn_hcEPhS0_S0_S0_S0_S0_S0_S0_S0_S0_S0_S0_S0_S0_S0_S0_S0_S0_S0_S0_S0_S0_S0_S0_S0_S0_S0_S0_S0_S0_S0_S0_S0_S0_S0_S0_S0_S0_S0_S0_S0_S0_jjjjjj,dynamic,MIX_AIC,1790434800715593.862	,214.608,328.673000,28,56,NO,N/A,N/A,N/A,N/A,N/A,N/A,N/A,214.3,9769614,5.611,0.026,6.591,0.031,5.746,0.027,31.863,0.149,0.001,0.0,2.23,0.01,0.0,214.32,19712465,0.977,0.005,5.199,0.024,7.257,0.034,5.589,0.026,0.103,98.535
0,4294967295,109,58,_ZN4M15L23m15_layer_kernel_gdn_hcEPhS0_S0_S0_S0_S0_S0_S0_S0_S0_S0_S0_S0_S0_S0_S0_S0_S0_S0_S0_S0_S0_S0_S0_S0_S0_S0_S0_S0_S0_S0_S0_S0_S0_S0_S0_S0_S0_S0_S0_S0_S0_jjjjjj,_ZN4M15L23m15_layer_kernel_gdn_hcEPhS0_S0_S0_S0_S0_S0_S0_S0_S0_S0_S0_S0_S0_S0_S0_S0_S0_S0_S0_S0_S0_S0_S0_S0_S0_S0_S0_S0_S0_S0_S0_S0_S0_S0_S0_S0_S0_S0_S0_S0_S0_jjjjjj,dynamic,MIX_AIC,1790434800716117.755	,355.511,309.392000,28,56,NO,N/A,N/A,N/A,N/A,N/A,N/A,N/A,355.13,16286751,21.514,0.061,11.794,0.033,21.183,0.06,130.125,0.366,0.001,0.0,3.524,0.01,0.0,355.16,32719724,2.535,0.007,5.199,0.015,13.499,0.038,6.306,0.018,0.111,99.161
0,4294967295,110,58,_ZN4M15L23m15_layer_kernel_gdn_hcEPhS0_S0_S0_S0_S0_S0_S0_S0_S0_S0_S0_S0_S0_S0_S0_S0_S0_S0_S0_S0_S0_S0_S0_S0_S0_S0_S0_S0_S0_S0_S0_S0_S0_S0_S0_S0_S0_S0_S0_S0_S0_jjjjjj,_ZN4M15L23m15_layer_kernel_gdn_hcEPhS0_S0_S0_S0_S0_S0_S0_S0_S0_S0_S0_S0_S0_S0_S0_S0_S0_S0_S0_S0_S0_S0_S0_S0_S0_S0_S0_S0_S0_S0_S0_S0_S0_S0_S0_S0_S0_S0_S0_S0_S0_jjjjjj,dynamic,MIX_AIC,1790434800716800.765	,356.210,327.489000,28,56,NO,N/A,N/A,N/A,N/A,N/A,N/A,N/A,355.83,16329608,21.412,0.06,11.712,0.033,21.129,0.059,128.365,0.361,0.001,0.0,3.503,0.01,0.0,355.85,32788792,2.528,0.007,4.998,0.014,13.873,0.039,6.447,0.018,0.088,99.227
0,4294967295,111,58,_ZN4M15L23m15_layer_kernel_gdn_hcEPhS0_S0_S0_S0_S0_S0_S0_S0_S0_S0_S0_S0_S0_S0_S0_S0_S0_S0_S0_S0_S0_S0_S0_S0_S0_S0_S0_S0_S0_S0_S0_S0_S0_S0_S0_S0_S0_S0_S0_S0_S0_jjjjjj,_ZN4M15L23m15_layer_kernel_gdn_hcEPhS0_S0_S0_S0_S0_S0_S0_S0_S0_S0_S0_S0_S0_S0_S0_S0_S0_S0_S0_S0_S0_S0_S0_S0_S0_S0_S0_S0_S0_S0_S0_S0_S0_S0_S0_S0_S0_S0_S0_S0_S0_jjjjjj,dynamic,MIX_AIC,1790434800717487.811	,355.957,330.790000,28,56,NO,N/A,N/A,N/A,N/A,N/A,N/A,N/A,355.64,16323881,21.486,0.06,11.592,0.033,21.165,0.06,129.818,0.365,0.001,0.0,3.552,0.01,0.0,355.67,32768310,2.521,0.007,5.032,0.014,13.759,0.039,6.711,0.019,0.087,99.262
0,4294967295,112,58,_ZN4M15L24m15_layer_kernel_attn_hcEPhS0_S0_S0_S0_S0_S0_S0_S0_S0_S0_S0_S0_S0_S0_S0_S0_S0_S0_S0_S0_S0_S0_S0_S0_S0_S0_S0_S0_S0_S0_S0_S0_S0_S0_S0_S0_S0_S0_S0_S0_S0_jjjjjj,_ZN4M15L24m15_layer_kernel_attn_hcEPhS0_S0_S0_S0_S0_S0_S0_S0_S0_S0_S0_S0_S0_S0_S0_S0_S0_S0_S0_S0_S0_S0_S0_S0_S0_S0_S0_S0_S0_S0_S0_S0_S0_S0_S0_S0_S0_S0_S0_S0_S0_jjjjjj,dynamic,MIX_AIC,1790434800718184.167	,212.837,340.543000,28,56,NO,N/A,N/A,N/A,N/A,N/A,N/A,N/A,212.52,9677833,5.664,0.027,6.689,0.031,5.744,0.027,31.914,0.15,0.001,0.0,2.107,0.01,0.0,212.55,19550278,0.978,0.005,5.238,0.025,7.084,0.033,5.143,0.024,0.103,98.421
0,4294967295,113,58,_ZN4M15L23m15_layer_kernel_gdn_hcEPhS0_S0_S0_S0_S0_S0_S0_S0_S0_S0_S0_S0_S0_S0_S0_S0_S0_S0_S0_S0_S0_S0_S0_S0_S0_S0_S0_S0_S0_S0_S0_S0_S0_S0_S0_S0_S0_S0_S0_S0_S0_jjjjjj,_ZN4M15L23m15_layer_kernel_gdn_hcEPhS0_S0_S0_S0_S0_S0_S0_S0_S0_S0_S0_S0_S0_S0_S0_S0_S0_S0_S0_S0_S0_S0_S0_S0_S0_S0_S0_S0_S0_S0_S0_S0_S0_S0_S0_S0_S0_S0_S0_S0_S0_jjjjjj,dynamic,MIX_AIC,1790434800718731.766	,355.580,334.663000,28,56,NO,N/A,N/A,N/A,N/A,N/A,N/A,N/A,355.18,16298354,21.536,0.061,11.42,0.032,21.213,0.06,130.152,0.366,0.001,0.0,3.595,0.01,0.0,355.2,32725768,2.523,0.007,5.089,0.014,14.445,0.041,6.194,0.017,0.111,99.212
0,4294967295,114,58,_ZN4M15L23m15_layer_kernel_gdn_hcEPhS0_S0_S0_S0_S0_S0_S0_S0_S0_S0_S0_S0_S0_S0_S0_S0_S0_S0_S0_S0_S0_S0_S0_S0_S0_S0_S0_S0_S0_S0_S0_S0_S0_S0_S0_S0_S0_S0_S0_S0_S0_jjjjjj,_ZN4M15L23m15_layer_kernel_gdn_hcEPhS0_S0_S0_S0_S0_S0_S0_S0_S0_S0_S0_S0_S0_S0_S0_S0_S0_S0_S0_S0_S0_S0_S0_S0_S0_S0_S0_S0_S0_S0_S0_S0_S0_S0_S0_S0_S0_S0_S0_S0_S0_jjjjjj,dynamic,MIX_AIC,1790434800719405.613	,357.640,318.170000,28,56,NO,N/A,N/A,N/A,N/A,N/A,N/A,N/A,357.24,16394297,21.507,0.06,11.316,0.032,21.143,0.059,131.794,0.369,0.001,0.0,3.457,0.01,0.0,357.26,32920469,2.525,0.007,4.791,0.013,13.752,0.038,6.584,0.018,0.088,99.221
0,4294967295,115,58,_ZN4M15L23m15_layer_kernel_gdn_hcEPhS0_S0_S0_S0_S0_S0_S0_S0_S0_S0_S0_S0_S0_S0_S0_S0_S0_S0_S0_S0_S0_S0_S0_S0_S0_S0_S0_S0_S0_S0_S0_S0_S0_S0_S0_S0_S0_S0_S0_S0_S0_jjjjjj,_ZN4M15L23m15_layer_kernel_gdn_hcEPhS0_S0_S0_S0_S0_S0_S0_S0_S0_S0_S0_S0_S0_S0_S0_S0_S0_S0_S0_S0_S0_S0_S0_S0_S0_S0_S0_S0_S0_S0_S0_S0_S0_S0_S0_S0_S0_S0_S0_S0_S0_jjjjjj,dynamic,MIX_AIC,1790434800720100.969	,353.838,337.860000,28,56,NO,N/A,N/A,N/A,N/A,N/A,N/A,N/A,353.14,16210785,21.515,0.061,11.923,0.034,21.144,0.06,129.025,0.365,0.001,0.0,3.544,0.01,0.0,353.17,32542661,2.523,0.007,5.342,0.015,13.475,0.038,6.096,0.017,0.086,99.165
0,4294967295,116,58,_ZN4M15L24m15_layer_kernel_attn_hcEPhS0_S0_S0_S0_S0_S0_S0_S0_S0_S0_S0_S0_S0_S0_S0_S0_S0_S0_S0_S0_S0_S0_S0_S0_S0_S0_S0_S0_S0_S0_S0_S0_S0_S0_S0_S0_S0_S0_S0_S0_S0_jjjjjj,_ZN4M15L24m15_layer_kernel_attn_hcEPhS0_S0_S0_S0_S0_S0_S0_S0_S0_S0_S0_S0_S0_S0_S0_S0_S0_S0_S0_S0_S0_S0_S0_S0_S0_S0_S0_S0_S0_S0_S0_S0_S0_S0_S0_S0_S0_S0_S0_S0_S0_jjjjjj,dynamic,MIX_AIC,1790434800720782.668	,214.109,327.912000,28,56,NO,N/A,N/A,N/A,N/A,N/A,N/A,N/A,213.78,9738963,5.628,0.026,6.441,0.03,5.725,0.027,32.066,0.15,0.001,0.0,2.364,0.011,0.0,213.81,19666934,0.977,0.005,5.134,0.024,7.007,0.033,4.983,0.023,0.103,98.455
0,4294967295,117,58,_ZN4M15L23m15_layer_kernel_gdn_hcEPhS0_S0_S0_S0_S0_S0_S0_S0_S0_S0_S0_S0_S0_S0_S0_S0_S0_S0_S0_S0_S0_S0_S0_S0_S0_S0_S0_S0_S0_S0_S0_S0_S0_S0_S0_S0_S0_S0_S0_S0_S0_jjjjjj,_ZN4M15L23m15_layer_kernel_gdn_hcEPhS0_S0_S0_S0_S0_S0_S0_S0_S0_S0_S0_S0_S0_S0_S0_S0_S0_S0_S0_S0_S0_S0_S0_S0_S0_S0_S0_S0_S0_S0_S0_S0_S0_S0_S0_S0_S0_S0_S0_S0_S0_jjjjjj,dynamic,MIX_AIC,1790434800721322.188	,354.121,325.391000,28,56,NO,N/A,N/A,N/A,N/A,N/A,N/A,N/A,353.77,16234407,21.442,0.061,11.373,0.032,21.091,0.06,129.578,0.366,0.001,0.0,3.56,0.01,0.0,353.79,32598101,2.523,0.007,5.08,0.014,13.061,0.037,6.088,0.017,0.111,99.230
0,4294967295,118,58,_ZN4M15L23m15_layer_kernel_gdn_hcEPhS0_S0_S0_S0_S0_S0_S0_S0_S0_S0_S0_S0_S0_S0_S0_S0_S0_S0_S0_S0_S0_S0_S0_S0_S0_S0_S0_S0_S0_S0_S0_S0_S0_S0_S0_S0_S0_S0_S0_S0_S0_jjjjjj,_ZN4M15L23m15_layer_kernel_gdn_hcEPhS0_S0_S0_S0_S0_S0_S0_S0_S0_S0_S0_S0_S0_S0_S0_S0_S0_S0_S0_S0_S0_S0_S0_S0_S0_S0_S0_S0_S0_S0_S0_S0_S0_S0_S0_S0_S0_S0_S0_S0_S0_jjjjjj,dynamic,MIX_AIC,1790434800721998.775	,358.211,322.379000,28,56,NO,N/A,N/A,N/A,N/A,N/A,N/A,N/A,357.86,16422947,21.529,0.06,11.651,0.033,21.259,0.059,132.289,0.37,0.001,0.0,3.473,0.01,0.0,357.88,32977069,2.525,0.007,5.37,0.015,13.932,0.039,6.527,0.018,0.088,99.236
0,4294967295,119,58,_ZN4M15L23m15_layer_kernel_gdn_hcEPhS0_S0_S0_S0_S0_S0_S0_S0_S0_S0_S0_S0_S0_S0_S0_S0_S0_S0_S0_S0_S0_S0_S0_S0_S0_S0_S0_S0_S0_S0_S0_S0_S0_S0_S0_S0_S0_S0_S0_S0_S0_jjjjjj,_ZN4M15L23m15_layer_kernel_gdn_hcEPhS0_S0_S0_S0_S0_S0_S0_S0_S0_S0_S0_S0_S0_S0_S0_S0_S0_S0_S0_S0_S0_S0_S0_S0_S0_S0_S0_S0_S0_S0_S0_S0_S0_S0_S0_S0_S0_S0_S0_S0_S0_jjjjjj,dynamic,MIX_AIC,1790434800722691.105	,352.875,334.039000,28,56,NO,N/A,N/A,N/A,N/A,N/A,N/A,N/A,352.54,16184471,21.49,0.061,11.408,0.032,21.126,0.06,128.544,0.365,0.001,0.0,3.439,0.01,0.0,352.57,32486105,2.527,0.007,4.959,0.014,14.042,0.04,6.536,0.019,0.085,99.274
0,4294967295,120,58,_ZN4M15L24m15_layer_kernel_attn_hcEPhS0_S0_S0_S0_S0_S0_S0_S0_S0_S0_S0_S0_S0_S0_S0_S0_S0_S0_S0_S0_S0_S0_S0_S0_S0_S0_S0_S0_S0_S0_S0_S0_S0_S0_S0_S0_S0_S0_S0_S0_S0_jjjjjj,_ZN4M15L24m15_layer_kernel_attn_hcEPhS0_S0_S0_S0_S0_S0_S0_S0_S0_S0_S0_S0_S0_S0_S0_S0_S0_S0_S0_S0_S0_S0_S0_S0_S0_S0_S0_S0_S0_S0_S0_S0_S0_S0_S0_S0_S0_S0_S0_S0_S0_jjjjjj,dynamic,MIX_AIC,1790434800723378.697	,215.129,334.875000,28,56,NO,N/A,N/A,N/A,N/A,N/A,N/A,N/A,214.8,9781610,5.685,0.026,6.869,0.032,5.776,0.027,32.472,0.151,0.001,0.0,2.095,0.01,0.0,214.82,19762514,0.978,0.005,5.444,0.025,7.532,0.035,4.835,0.023,0.103,98.417
0,4294967295,121,58,_ZN4M15L23m15_layer_kernel_gdn_hcEPhS0_S0_S0_S0_S0_S0_S0_S0_S0_S0_S0_S0_S0_S0_S0_S0_S0_S0_S0_S0_S0_S0_S0_S0_S0_S0_S0_S0_S0_S0_S0_S0_S0_S0_S0_S0_S0_S0_S0_S0_S0_jjjjjj,_ZN4M15L23m15_layer_kernel_gdn_hcEPhS0_S0_S0_S0_S0_S0_S0_S0_S0_S0_S0_S0_S0_S0_S0_S0_S0_S0_S0_S0_S0_S0_S0_S0_S0_S0_S0_S0_S0_S0_S0_S0_S0_S0_S0_S0_S0_S0_S0_S0_S0_jjjjjj,dynamic,MIX_AIC,1790434800723923.713	,353.884,329.871000,28,56,NO,N/A,N/A,N/A,N/A,N/A,N/A,N/A,353.51,16222054,21.457,0.061,11.545,0.033,21.186,0.06,131.113,0.371,0.001,0.0,3.606,0.01,0.0,353.54,32571536,2.528,0.007,4.978,0.014,13.466,0.038,5.813,0.016,0.111,99.221
0,4294967295,122,58,_ZN4M15L23m15_layer_kernel_gdn_hcEPhS0_S0_S0_S0_S0_S0_S0_S0_S0_S0_S0_S0_S0_S0_S0_S0_S0_S0_S0_S0_S0_S0_S0_S0_S0_S0_S0_S0_S0_S0_S0_S0_S0_S0_S0_S0_S0_S0_S0_S0_S0_jjjjjj,_ZN4M15L23m15_layer_kernel_gdn_hcEPhS0_S0_S0_S0_S0_S0_S0_S0_S0_S0_S0_S0_S0_S0_S0_S0_S0_S0_S0_S0_S0_S0_S0_S0_S0_S0_S0_S0_S0_S0_S0_S0_S0_S0_S0_S0_S0_S0_S0_S0_S0_jjjjjj,dynamic,MIX_AIC,1790434800724618.259	,357.623,340.616000,28,56,NO,N/A,N/A,N/A,N/A,N/A,N/A,N/A,357.25,16393931,21.489,0.06,11.966,0.033,21.119,0.059,131.955,0.369,0.001,0.0,3.44,0.01,0.0,357.27,32920669,2.529,0.007,5.276,0.015,13.431,0.038,6.407,0.018,0.088,99.224
0,4294967295,123,58,_ZN4M15L23m15_layer_kernel_gdn_hcEPhS0_S0_S0_S0_S0_S0_S0_S0_S0_S0_S0_S0_S0_S0_S0_S0_S0_S0_S0_S0_S0_S0_S0_S0_S0_S0_S0_S0_S0_S0_S0_S0_S0_S0_S0_S0_S0_S0_S0_S0_S0_jjjjjj,_ZN4M15L23m15_layer_kernel_gdn_hcEPhS0_S0_S0_S0_S0_S0_S0_S0_S0_S0_S0_S0_S0_S0_S0_S0_S0_S0_S0_S0_S0_S0_S0_S0_S0_S0_S0_S0_S0_S0_S0_S0_S0_S0_S0_S0_S0_S0_S0_S0_S0_jjjjjj,dynamic,MIX_AIC,1790434800725306.140	,356.532,330.377000,28,56,NO,N/A,N/A,N/A,N/A,N/A,N/A,N/A,356.15,16349856,21.489,0.06,11.225,0.032,21.163,0.059,130.171,0.365,0.001,0.0,3.377,0.009,0.0,356.17,32816375,2.522,0.007,4.831,0.014,13.22,0.037,6.526,0.018,0.087,99.260
0,4294967295,124,58,_ZN4M15L24m15_layer_kernel_attn_hcEPhS0_S0_S0_S0_S0_S0_S0_S0_S0_S0_S0_S0_S0_S0_S0_S0_S0_S0_S0_S0_S0_S0_S0_S0_S0_S0_S0_S0_S0_S0_S0_S0_S0_S0_S0_S0_S0_S0_S0_S0_S0_jjjjjj,_ZN4M15L24m15_layer_kernel_attn_hcEPhS0_S0_S0_S0_S0_S0_S0_S0_S0_S0_S0_S0_S0_S0_S0_S0_S0_S0_S0_S0_S0_S0_S0_S0_S0_S0_S0_S0_S0_S0_S0_S0_S0_S0_S0_S0_S0_S0_S0_S0_S0_jjjjjj,dynamic,MIX_AIC,1790434800725990.470	,212.825,327.718000,28,56,NO,N/A,N/A,N/A,N/A,N/A,N/A,N/A,212.5,9667712,5.612,0.026,6.877,0.032,5.745,0.027,32.637,0.154,0.001,0.0,2.225,0.01,0.0,212.53,19545846,0.978,0.005,5.185,0.024,7.115,0.033,4.928,0.023,0.103,98.324
0,4294967295,125,58,_ZN4M15L23m15_layer_kernel_gdn_hcEPhS0_S0_S0_S0_S0_S0_S0_S0_S0_S0_S0_S0_S0_S0_S0_S0_S0_S0_S0_S0_S0_S0_S0_S0_S0_S0_S0_S0_S0_S0_S0_S0_S0_S0_S0_S0_S0_S0_S0_S0_S0_jjjjjj,_ZN4M15L23m15_layer_kernel_gdn_hcEPhS0_S0_S0_S0_S0_S0_S0_S0_S0_S0_S0_S0_S0_S0_S0_S0_S0_S0_S0_S0_S0_S0_S0_S0_S0_S0_S0_S0_S0_S0_S0_S0_S0_S0_S0_S0_S0_S0_S0_S0_S0_jjjjjj,dynamic,MIX_AIC,1790434800726533.494	,352.830,330.175000,28,56,NO,N/A,N/A,N/A,N/A,N/A,N/A,N/A,352.47,16161538,21.464,0.061,11.196,0.032,21.134,0.06,127.194,0.361,0.001,0.0,3.645,0.01,0.0,352.49,32466241,2.527,0.007,5.023,0.014,14.15,0.04,6.001,0.017,0.111,99.146
0,4294967295,126,58,_ZN4M15L23m15_layer_kernel_gdn_hcEPhS0_S0_S0_S0_S0_S0_S0_S0_S0_S0_S0_S0_S0_S0_S0_S0_S0_S0_S0_S0_S0_S0_S0_S0_S0_S0_S0_S0_S0_S0_S0_S0_S0_S0_S0_S0_S0_S0_S0_S0_S0_jjjjjj,_ZN4M15L23m15_layer_kernel_gdn_hcEPhS0_S0_S0_S0_S0_S0_S0_S0_S0_S0_S0_S0_S0_S0_S0_S0_S0_S0_S0_S0_S0_S0_S0_S0_S0_S0_S0_S0_S0_S0_S0_S0_S0_S0_S0_S0_S0_S0_S0_S0_S0_jjjjjj,dynamic,MIX_AIC,1790434800727214.289	,352.670,327.920000,28,56,NO,N/A,N/A,N/A,N/A,N/A,N/A,N/A,352.31,16169456,21.484,0.061,11.752,0.033,21.17,0.06,128.774,0.366,0.001,0.0,3.465,0.01,0.0,352.33,32465346,2.524,0.007,5.274,0.015,13.888,0.039,6.256,0.018,0.088,99.240
0,4294967295,127,58,_ZN4M15L23m15_layer_kernel_gdn_hcEPhS0_S0_S0_S0_S0_S0_S0_S0_S0_S0_S0_S0_S0_S0_S0_S0_S0_S0_S0_S0_S0_S0_S0_S0_S0_S0_S0_S0_S0_S0_S0_S0_S0_S0_S0_S0_S0_S0_S0_S0_S0_jjjjjj,_ZN4M15L23m15_layer_kernel_gdn_hcEPhS0_S0_S0_S0_S0_S0_S0_S0_S0_S0_S0_S0_S0_S0_S0_S0_S0_S0_S0_S0_S0_S0_S0_S0_S0_S0_S0_S0_S0_S0_S0_S0_S0_S0_S0_S0_S0_S0_S0_S0_S0_jjjjjj,dynamic,MIX_AIC,1790434800727889.625	,356.271,322.580000,28,56,NO,N/A,N/A,N/A,N/A,N/A,N/A,N/A,355.95,16340068,21.429,0.06,11.501,0.032,21.175,0.059,132.2,0.371,0.001,0.0,3.53,0.01,0.0,355.97,32800399,2.523,0.007,5.15,0.014,13.508,0.038,6.109,0.017,0.087,99.273
0,4294967295,128,58,_ZN4M15L24m15_layer_kernel_attn_hcEPhS0_S0_S0_S0_S0_S0_S0_S0_S0_S0_S0_S0_S0_S0_S0_S0_S0_S0_S0_S0_S0_S0_S0_S0_S0_S0_S0_S0_S0_S0_S0_S0_S0_S0_S0_S0_S0_S0_S0_S0_S0_jjjjjj,_ZN4M15L24m15_layer_kernel_attn_hcEPhS0_S0_S0_S0_S0_S0_S0_S0_S0_S0_S0_S0_S0_S0_S0_S0_S0_S0_S0_S0_S0_S0_S0_S0_S0_S0_S0_S0_S0_S0_S0_S0_S0_S0_S0_S0_S0_S0_S0_S0_S0_jjjjjj,dynamic,MIX_AIC,1790434800728570.144	,214.324,324.479000,28,56,NO,N/A,N/A,N/A,N/A,N/A,N/A,N/A,214.0,9749477,5.644,0.026,6.879,0.032,5.748,0.027,31.486,0.147,0.001,0.0,2.181,0.01,0.0,214.03,19685162,0.978,0.005,5.622,0.026,7.916,0.037,5.203,0.024,0.103,98.462
0,4294967295,129,58,_ZN4M15L23m15_layer_kernel_gdn_hcEPhS0_S0_S0_S0_S0_S0_S0_S0_S0_S0_S0_S0_S0_S0_S0_S0_S0_S0_S0_S0_S0_S0_S0_S0_S0_S0_S0_S0_S0_S0_S0_S0_S0_S0_S0_S0_S0_S0_S0_S0_S0_jjjjjj,_ZN4M15L23m15_layer_kernel_gdn_hcEPhS0_S0_S0_S0_S0_S0_S0_S0_S0_S0_S0_S0_S0_S0_S0_S0_S0_S0_S0_S0_S0_S0_S0_S0_S0_S0_S0_S0_S0_S0_S0_S0_S0_S0_S0_S0_S0_S0_S0_S0_S0_jjjjjj,dynamic,MIX_AIC,1790434800729109.837	,353.734,325.176000,28,56,NO,N/A,N/A,N/A,N/A,N/A,N/A,N/A,353.35,16214573,21.501,0.061,11.468,0.032,21.099,0.06,130.896,0.37,0.001,0.0,3.618,0.01,0.0,353.38,32557354,2.533,0.007,5.046,0.014,13.741,0.039,6.349,0.018,0.111,99.217
0,4294967295,130,58,_ZN4M15L23m15_layer_kernel_gdn_hcEPhS0_S0_S0_S0_S0_S0_S0_S0_S0_S0_S0_S0_S0_S0_S0_S0_S0_S0_S0_S0_S0_S0_S0_S0_S0_S0_S0_S0_S0_S0_S0_S0_S0_S0_S0_S0_S0_S0_S0_S0_S0_jjjjjj,_ZN4M15L23m15_layer_kernel_gdn_hcEPhS0_S0_S0_S0_S0_S0_S0_S0_S0_S0_S0_S0_S0_S0_S0_S0_S0_S0_S0_S0_S0_S0_S0_S0_S0_S0_S0_S0_S0_S0_S0_S0_S0_S0_S0_S0_S0_S0_S0_S0_S0_jjjjjj,dynamic,MIX_AIC,1790434800729793.679	,353.713,330.266000,28,56,NO,N/A,N/A,N/A,N/A,N/A,N/A,N/A,353.33,16204800,21.501,0.061,11.667,0.033,21.059,0.06,127.517,0.361,0.001,0.0,3.356,0.009,0.0,353.36,32542318,2.529,0.007,5.263,0.015,13.922,0.039,6.612,0.019,0.088,99.163
0,4294967295,131,58,_ZN4M15L23m15_layer_kernel_gdn_hcEPhS0_S0_S0_S0_S0_S0_S0_S0_S0_S0_S0_S0_S0_S0_S0_S0_S0_S0_S0_S0_S0_S0_S0_S0_S0_S0_S0_S0_S0_S0_S0_S0_S0_S0_S0_S0_S0_S0_S0_S0_S0_jjjjjj,_ZN4M15L23m15_layer_kernel_gdn_hcEPhS0_S0_S0_S0_S0_S0_S0_S0_S0_S0_S0_S0_S0_S0_S0_S0_S0_S0_S0_S0_S0_S0_S0_S0_S0_S0_S0_S0_S0_S0_S0_S0_S0_S0_S0_S0_S0_S0_S0_S0_S0_jjjjjj,dynamic,MIX_AIC,1790434800730489.815	,352.649,342.287000,28,56,NO,N/A,N/A,N/A,N/A,N/A,N/A,N/A,352.16,16163826,21.498,0.061,12.034,0.034,21.027,0.06,127.154,0.361,0.001,0.0,3.562,0.01,0.0,352.19,32451455,2.521,0.007,5.541,0.016,13.51,0.038,6.246,0.018,0.088,99.211
0,4294967295,132,58,_ZN4M15L24m15_layer_kernel_attn_hcEPhS0_S0_S0_S0_S0_S0_S0_S0_S0_S0_S0_S0_S0_S0_S0_S0_S0_S0_S0_S0_S0_S0_S0_S0_S0_S0_S0_S0_S0_S0_S0_S0_S0_S0_S0_S0_S0_S0_S0_S0_S0_jjjjjj,_ZN4M15L24m15_layer_kernel_attn_hcEPhS0_S0_S0_S0_S0_S0_S0_S0_S0_S0_S0_S0_S0_S0_S0_S0_S0_S0_S0_S0_S0_S0_S0_S0_S0_S0_S0_S0_S0_S0_S0_S0_S0_S0_S0_S0_S0_S0_S0_S0_S0_jjjjjj,dynamic,MIX_AIC,1790434800731159.025	,213.347,316.601000,28,56,NO,N/A,N/A,N/A,N/A,N/A,N/A,N/A,213.02,9703927,5.64,0.026,6.791,0.032,5.736,0.027,31.827,0.149,0.001,0.0,2.167,0.01,0.0,213.04,19594833,0.977,0.005,5.347,0.025,6.943,0.033,4.836,0.023,0.103,98.451
0,4294967295,133,58,_ZN4M15L23m15_layer_kernel_gdn_hcEPhS0_S0_S0_S0_S0_S0_S0_S0_S0_S0_S0_S0_S0_S0_S0_S0_S0_S0_S0_S0_S0_S0_S0_S0_S0_S0_S0_S0_S0_S0_S0_S0_S0_S0_S0_S0_S0_S0_S0_S0_S0_jjjjjj,_ZN4M15L23m15_layer_kernel_gdn_hcEPhS0_S0_S0_S0_S0_S0_S0_S0_S0_S0_S0_S0_S0_S0_S0_S0_S0_S0_S0_S0_S0_S0_S0_S0_S0_S0_S0_S0_S0_S0_S0_S0_S0_S0_S0_S0_S0_S0_S0_S0_S0_jjjjjj,dynamic,MIX_AIC,1790434800731701.749	,352.536,329.403000,28,56,NO,N/A,N/A,N/A,N/A,N/A,N/A,N/A,352.18,16152797,21.53,0.061,11.726,0.033,21.118,0.06,128.271,0.364,0.001,0.0,3.446,0.01,0.0,352.21,32438767,2.531,0.007,5.022,0.014,13.353,0.038,6.492,0.018,0.111,99.175
0,4294967295,134,58,_ZN4M15L23m15_layer_kernel_gdn_hcEPhS0_S0_S0_S0_S0_S0_S0_S0_S0_S0_S0_S0_S0_S0_S0_S0_S0_S0_S0_S0_S0_S0_S0_S0_S0_S0_S0_S0_S0_S0_S0_S0_S0_S0_S0_S0_S0_S0_S0_S0_S0_jjjjjj,_ZN4M15L23m15_layer_kernel_gdn_hcEPhS0_S0_S0_S0_S0_S0_S0_S0_S0_S0_S0_S0_S0_S0_S0_S0_S0_S0_S0_S0_S0_S0_S0_S0_S0_S0_S0_S0_S0_S0_S0_S0_S0_S0_S0_S0_S0_S0_S0_S0_S0_jjjjjj,dynamic,MIX_AIC,1790434800732380.626	,355.436,326.464000,28,56,NO,N/A,N/A,N/A,N/A,N/A,N/A,N/A,355.08,16301432,21.46,0.06,11.914,0.034,21.182,0.06,131.624,0.371,0.001,0.0,3.596,0.01,0.0,355.11,32719329,2.521,0.007,5.14,0.014,13.36,0.038,6.028,0.017,0.088,99.271
0,4294967295,135,58,_ZN4M15L23m15_layer_kernel_gdn_hcEPhS0_S0_S0_S0_S0_S0_S0_S0_S0_S0_S0_S0_S0_S0_S0_S0_S0_S0_S0_S0_S0_S0_S0_S0_S0_S0_S0_S0_S0_S0_S0_S0_S0_S0_S0_S0_S0_S0_S0_S0_S0_jjjjjj,_ZN4M15L23m15_layer_kernel_gdn_hcEPhS0_S0_S0_S0_S0_S0_S0_S0_S0_S0_S0_S0_S0_S0_S0_S0_S0_S0_S0_S0_S0_S0_S0_S0_S0_S0_S0_S0_S0_S0_S0_S0_S0_S0_S0_S0_S0_S0_S0_S0_S0_jjjjjj,dynamic,MIX_AIC,1790434800733069.607	,353.250,333.314000,28,56,NO,N/A,N/A,N/A,N/A,N/A,N/A,N/A,352.91,16196598,21.471,0.061,11.875,0.034,21.155,0.06,129.917,0.368,0.001,0.0,3.442,0.01,0.0,352.94,32520281,2.523,0.007,4.932,0.014,13.216,0.037,6.25,0.018,0.087,99.243
0,4294967295,136,58,_ZN4M15L24m15_layer_kernel_attn_hcEPhS0_S0_S0_S0_S0_S0_S0_S0_S0_S0_S0_S0_S0_S0_S0_S0_S0_S0_S0_S0_S0_S0_S0_S0_S0_S0_S0_S0_S0_S0_S0_S0_S0_S0_S0_S0_S0_S0_S0_S0_S0_jjjjjj,_ZN4M15L24m15_layer_kernel_attn_hcEPhS0_S0_S0_S0_S0_S0_S0_S0_S0_S0_S0_S0_S0_S0_S0_S0_S0_S0_S0_S0_S0_S0_S0_S0_S0_S0_S0_S0_S0_S0_S0_S0_S0_S0_S0_S0_S0_S0_S0_S0_S0_jjjjjj,dynamic,MIX_AIC,1790434800733755.409	,213.724,332.750000,28,56,NO,N/A,N/A,N/A,N/A,N/A,N/A,N/A,213.39,9716705,5.615,0.026,6.855,0.032,5.747,0.027,31.455,0.147,0.001,0.0,2.066,0.01,0.0,213.41,19628354,0.978,0.005,5.376,0.025,8.243,0.039,5.066,0.024,0.103,98.406
0,4294967295,137,58,_ZN4M15L23m15_layer_kernel_gdn_hcEPhS0_S0_S0_S0_S0_S0_S0_S0_S0_S0_S0_S0_S0_S0_S0_S0_S0_S0_S0_S0_S0_S0_S0_S0_S0_S0_S0_S0_S0_S0_S0_S0_S0_S0_S0_S0_S0_S0_S0_S0_S0_jjjjjj,_ZN4M15L23m15_layer_kernel_gdn_hcEPhS0_S0_S0_S0_S0_S0_S0_S0_S0_S0_S0_S0_S0_S0_S0_S0_S0_S0_S0_S0_S0_S0_S0_S0_S0_S0_S0_S0_S0_S0_S0_S0_S0_S0_S0_S0_S0_S0_S0_S0_S0_jjjjjj,dynamic,MIX_AIC,1790434800734293.033	,351.448,323.776000,28,56,NO,N/A,N/A,N/A,N/A,N/A,N/A,N/A,351.08,16107616,21.47,0.061,11.615,0.033,21.144,0.06,127.483,0.363,0.001,0.0,3.61,0.01,0.0,351.11,32346414,2.528,0.007,5.193,0.015,13.653,0.039,6.166,0.018,0.111,99.204
0,4294967295,138,58,_ZN4M15L23m15_layer_kernel_gdn_hcEPhS0_S0_S0_S0_S0_S0_S0_S0_S0_S0_S0_S0_S0_S0_S0_S0_S0_S0_S0_S0_S0_S0_S0_S0_S0_S0_S0_S0_S0_S0_S0_S0_S0_S0_S0_S0_S0_S0_S0_S0_S0_jjjjjj,_ZN4M15L23m15_layer_kernel_gdn_hcEPhS0_S0_S0_S0_S0_S0_S0_S0_S0_S0_S0_S0_S0_S0_S0_S0_S0_S0_S0_S0_S0_S0_S0_S0_S0_S0_S0_S0_S0_S0_S0_S0_S0_S0_S0_S0_S0_S0_S0_S0_S0_jjjjjj,dynamic,MIX_AIC,1790434800734967.643	,361.399,323.302000,28,56,NO,N/A,N/A,N/A,N/A,N/A,N/A,N/A,361.04,16575772,21.479,0.059,11.722,0.032,21.184,0.059,134.86,0.374,0.001,0.0,3.465,0.01,0.0,361.06,33269881,2.522,0.007,5.105,0.014,13.551,0.038,5.825,0.016,0.089,99.276
0,4294967295,139,58,_ZN4M15L23m15_layer_kernel_gdn_hcEPhS0_S0_S0_S0_S0_S0_S0_S0_S0_S0_S0_S0_S0_S0_S0_S0_S0_S0_S0_S0_S0_S0_S0_S0_S0_S0_S0_S0_S0_S0_S0_S0_S0_S0_S0_S0_S0_S0_S0_S0_S0_jjjjjj,_ZN4M15L23m15_layer_kernel_gdn_hcEPhS0_S0_S0_S0_S0_S0_S0_S0_S0_S0_S0_S0_S0_S0_S0_S0_S0_S0_S0_S0_S0_S0_S0_S0_S0_S0_S0_S0_S0_S0_S0_S0_S0_S0_S0_S0_S0_S0_S0_S0_S0_jjjjjj,dynamic,MIX_AIC,1790434800735660.834	,352.059,331.601000,28,56,NO,N/A,N/A,N/A,N/A,N/A,N/A,N/A,351.74,16142319,21.503,0.061,11.411,0.032,21.092,0.06,126.765,0.36,0.001,0.0,3.726,0.011,0.0,351.76,32411099,2.524,0.007,4.687,0.013,13.953,0.04,6.181,0.018,0.087,99.245
0,4294967295,140,58,_ZN4M15L24m15_layer_kernel_attn_hcEPhS0_S0_S0_S0_S0_S0_S0_S0_S0_S0_S0_S0_S0_S0_S0_S0_S0_S0_S0_S0_S0_S0_S0_S0_S0_S0_S0_S0_S0_S0_S0_S0_S0_S0_S0_S0_S0_S0_S0_S0_S0_jjjjjj,_ZN4M15L24m15_layer_kernel_attn_hcEPhS0_S0_S0_S0_S0_S0_S0_S0_S0_S0_S0_S0_S0_S0_S0_S0_S0_S0_S0_S0_S0_S0_S0_S0_S0_S0_S0_S0_S0_S0_S0_S0_S0_S0_S0_S0_S0_S0_S0_S0_S0_jjjjjj,dynamic,MIX_AIC,1790434800736329.206	,213.673,316.441000,28,56,NO,N/A,N/A,N/A,N/A,N/A,N/A,N/A,213.35,9713265,5.665,0.027,6.728,0.032,5.756,0.027,31.236,0.146,0.001,0.0,2.028,0.01,0.0,213.37,19612066,0.979,0.005,5.371,0.025,7.278,0.034,5.32,0.025,0.103,98.395
0,4294967295,141,58,_ZN4M15L23m15_layer_kernel_gdn_hcEPhS0_S0_S0_S0_S0_S0_S0_S0_S0_S0_S0_S0_S0_S0_S0_S0_S0_S0_S0_S0_S0_S0_S0_S0_S0_S0_S0_S0_S0_S0_S0_S0_S0_S0_S0_S0_S0_S0_S0_S0_S0_jjjjjj,_ZN4M15L23m15_layer_kernel_gdn_hcEPhS0_S0_S0_S0_S0_S0_S0_S0_S0_S0_S0_S0_S0_S0_S0_S0_S0_S0_S0_S0_S0_S0_S0_S0_S0_S0_S0_S0_S0_S0_S0_S0_S0_S0_S0_S0_S0_S0_S0_S0_S0_jjjjjj,dynamic,MIX_AIC,1790434800736864.849	,354.664,321.827000,28,56,NO,N/A,N/A,N/A,N/A,N/A,N/A,N/A,354.3,16259095,21.502,0.061,11.433,0.032,21.086,0.06,130.513,0.368,0.001,0.0,3.56,0.01,0.0,354.32,32645752,2.524,0.007,5.154,0.015,13.084,0.037,6.631,0.019,0.111,99.229
0,4294967295,142,58,_ZN4M15L23m15_layer_kernel_gdn_hcEPhS0_S0_S0_S0_S0_S0_S0_S0_S0_S0_S0_S0_S0_S0_S0_S0_S0_S0_S0_S0_S0_S0_S0_S0_S0_S0_S0_S0_S0_S0_S0_S0_S0_S0_S0_S0_S0_S0_S0_S0_S0_jjjjjj,_ZN4M15L23m15_layer_kernel_gdn_hcEPhS0_S0_S0_S0_S0_S0_S0_S0_S0_S0_S0_S0_S0_S0_S0_S0_S0_S0_S0_S0_S0_S0_S0_S0_S0_S0_S0_S0_S0_S0_S0_S0_S0_S0_S0_S0_S0_S0_S0_S0_S0_jjjjjj,dynamic,MIX_AIC,1790434800737557.743	,359.937,338.336000,28,56,NO,N/A,N/A,N/A,N/A,N/A,N/A,N/A,359.57,16509411,21.485,0.06,11.405,0.032,21.164,0.059,131.669,0.366,0.001,0.0,3.391,0.009,0.0,359.59,33135279,2.524,0.007,5.251,0.015,14.47,0.04,6.433,0.018,0.088,99.280
0,4294967295,143,58,_ZN4M15L23m15_layer_kernel_gdn_hcEPhS0_S0_S0_S0_S0_S0_S0_S0_S0_S0_S0_S0_S0_S0_S0_S0_S0_S0_S0_S0_S0_S0_S0_S0_S0_S0_S0_S0_S0_S0_S0_S0_S0_S0_S0_S0_S0_S0_S0_S0_S0_jjjjjj,_ZN4M15L23m15_layer_kernel_gdn_hcEPhS0_S0_S0_S0_S0_S0_S0_S0_S0_S0_S0_S0_S0_S0_S0_S0_S0_S0_S0_S0_S0_S0_S0_S0_S0_S0_S0_S0_S0_S0_S0_S0_S0_S0_S0_S0_S0_S0_S0_S0_S0_jjjjjj,dynamic,MIX_AIC,1790434800738243.549	,359.028,325.813000,28,56,NO,N/A,N/A,N/A,N/A,N/A,N/A,N/A,358.7,16468174,21.471,0.06,11.663,0.033,21.213,0.059,132.917,0.371,0.001,0.0,3.554,0.01,0.0,358.72,33055738,2.521,0.007,5.254,0.015,14.157,0.039,6.136,0.017,0.087,99.283
0,4294967295,144,58,_ZN4M15L24m15_layer_kernel_attn_hcEPhS0_S0_S0_S0_S0_S0_S0_S0_S0_S0_S0_S0_S0_S0_S0_S0_S0_S0_S0_S0_S0_S0_S0_S0_S0_S0_S0_S0_S0_S0_S0_S0_S0_S0_S0_S0_S0_S0_S0_S0_S0_jjjjjj,_ZN4M15L24m15_layer_kernel_attn_hcEPhS0_S0_S0_S0_S0_S0_S0_S0_S0_S0_S0_S0_S0_S0_S0_S0_S0_S0_S0_S0_S0_S0_S0_S0_S0_S0_S0_S0_S0_S0_S0_S0_S0_S0_S0_S0_S0_S0_S0_S0_S0_jjjjjj,dynamic,MIX_AIC,1790434800738931.204	,215.439,328.722000,28,56,NO,N/A,N/A,N/A,N/A,N/A,N/A,N/A,215.11,9796832,5.642,0.026,6.693,0.031,5.743,0.027,33.12,0.154,0.001,0.0,2.236,0.01,0.0,215.14,19787535,0.978,0.005,5.332,0.025,7.481,0.035,5.304,0.025,0.103,98.428
0,4294967295,145,58,_ZN4M15L23m15_layer_kernel_gdn_hcEPhS0_S0_S0_S0_S0_S0_S0_S0_S0_S0_S0_S0_S0_S0_S0_S0_S0_S0_S0_S0_S0_S0_S0_S0_S0_S0_S0_S0_S0_S0_S0_S0_S0_S0_S0_S0_S0_S0_S0_S0_S0_jjjjjj,_ZN4M15L23m15_layer_kernel_gdn_hcEPhS0_S0_S0_S0_S0_S0_S0_S0_S0_S0_S0_S0_S0_S0_S0_S0_S0_S0_S0_S0_S0_S0_S0_S0_S0_S0_S0_S0_S0_S0_S0_S0_S0_S0_S0_S0_S0_S0_S0_S0_S0_jjjjjj,dynamic,MIX_AIC,1790434800739534.329	,350.730,387.561000,28,56,NO,N/A,N/A,N/A,N/A,N/A,N/A,N/A,350.34,16077227,21.46,0.061,11.415,0.033,21.108,0.06,127.581,0.364,0.001,0.0,3.455,0.01,0.0,350.37,32283650,2.523,0.007,4.842,0.014,13.542,0.039,5.873,0.017,0.111,99.219
0,4294967295,146,58,_ZN4M15L23m15_layer_kernel_gdn_hcEPhS0_S0_S0_S0_S0_S0_S0_S0_S0_S0_S0_S0_S0_S0_S0_S0_S0_S0_S0_S0_S0_S0_S0_S0_S0_S0_S0_S0_S0_S0_S0_S0_S0_S0_S0_S0_S0_S0_S0_S0_S0_jjjjjj,_ZN4M15L23m15_layer_kernel_gdn_hcEPhS0_S0_S0_S0_S0_S0_S0_S0_S0_S0_S0_S0_S0_S0_S0_S0_S0_S0_S0_S0_S0_S0_S0_S0_S0_S0_S0_S0_S0_S0_S0_S0_S0_S0_S0_S0_S0_S0_S0_S0_S0_jjjjjj,dynamic,MIX_AIC,1790434800740241.069	,354.477,356.020000,28,56,NO,N/A,N/A,N/A,N/A,N/A,N/A,N/A,354.09,16249771,21.49,0.061,11.74,0.033,21.169,0.06,127.206,0.359,0.001,0.0,3.297,0.009,0.0,354.11,32630202,2.524,0.007,4.923,0.014,13.112,0.037,6.358,0.018,0.088,99.224
0,4294967295,147,58,_ZN4M15L23m15_layer_kernel_gdn_hcEPhS0_S0_S0_S0_S0_S0_S0_S0_S0_S0_S0_S0_S0_S0_S0_S0_S0_S0_S0_S0_S0_S0_S0_S0_S0_S0_S0_S0_S0_S0_S0_S0_S0_S0_S0_S0_S0_S0_S0_S0_S0_jjjjjj,_ZN4M15L23m15_layer_kernel_gdn_hcEPhS0_S0_S0_S0_S0_S0_S0_S0_S0_S0_S0_S0_S0_S0_S0_S0_S0_S0_S0_S0_S0_S0_S0_S0_S0_S0_S0_S0_S0_S0_S0_S0_S0_S0_S0_S0_S0_S0_S0_S0_S0_jjjjjj,dynamic,MIX_AIC,1790434800741031.338	,360.997,435.773000,28,56,NO,N/A,N/A,N/A,N/A,N/A,N/A,N/A,360.51,16536828,21.488,0.06,11.482,0.032,21.21,0.059,132.407,0.367,0.001,0.0,3.913,0.011,0.0,360.53,33221621,2.525,0.007,5.155,0.014,14.195,0.039,6.5,0.018,0.087,99.153
0,4294967295,148,58,_ZN4M15L24m15_layer_kernel_attn_hcEPhS0_S0_S0_S0_S0_S0_S0_S0_S0_S0_S0_S0_S0_S0_S0_S0_S0_S0_S0_S0_S0_S0_S0_S0_S0_S0_S0_S0_S0_S0_S0_S0_S0_S0_S0_S0_S0_S0_S0_S0_S0_jjjjjj,_ZN4M15L24m15_layer_kernel_attn_hcEPhS0_S0_S0_S0_S0_S0_S0_S0_S0_S0_S0_S0_S0_S0_S0_S0_S0_S0_S0_S0_S0_S0_S0_S0_S0_S0_S0_S0_S0_S0_S0_S0_S0_S0_S0_S0_S0_S0_S0_S0_S0_jjjjjj,dynamic,MIX_AIC,1790434800741703.688	,214.066,311.503000,28,56,NO,N/A,N/A,N/A,N/A,N/A,N/A,N/A,213.73,9726940,5.614,0.026,6.672,0.031,5.719,0.027,32.276,0.151,0.001,0.0,2.108,0.01,0.0,213.75,19645739,0.978,0.005,5.234,0.024,7.657,0.036,4.719,0.022,0.103,98.353
0,4294967295,149,58,_ZN4M15L22m15_final_mixer_kernelEPhS0_S0_jS0_S0_S0_S0_S0_j,_ZN4M15L22m15_final_mixer_kernelEPhS0_S0_jS0_S0_S0_S0_S0_j,dynamic,MIX_AIC,1790434800742507.233	,75.630,589.434000,28,56,NO,N/A,N/A,N/A,N/A,N/A,N/A,N/A,75.29,3443072,1.805,0.024,1.879,0.025,1.737,0.023,10.033,0.133,0.001,0.0,1.045,0.014,0.0,75.32,6901209,0.387,0.005,2.076,0.028,1.617,0.021,2.565,0.034,0.04,98.539
