0	2d-00 zerofill + NOP load (mStep=0) → expect ALL ZERO	mS=0 kS=0 mStep=0 kStep=0 src=1 dst=1 T=0 srcOff=0 dstOff=0 zf=1
1	2d-01 zerofill + T1 frac0 (m0 pattern)	mS=0 kS=0 mStep=1 kStep=1 src=1 dst=1 T=1 srcOff=0 dstOff=0 zf=1
2	2d-02 zerofill + T0 frac0	mS=0 kS=0 mStep=1 kStep=1 src=1 dst=1 T=0 srcOff=0 dstOff=0 zf=1
3	2d-03 T1 srcOff=256 (src unit 1)	mS=0 kS=0 mStep=1 kStep=1 src=1 dst=1 T=1 srcOff=256 dstOff=0 zf=1
4	2d-04 T1 srcOff=512 (src unit 2)	mS=0 kS=0 mStep=1 kStep=1 src=1 dst=1 T=1 srcOff=512 dstOff=0 zf=1
5	2d-05 T1 srcOff=768 (src unit 3)	mS=0 kS=0 mStep=1 kStep=1 src=1 dst=1 T=1 srcOff=768 dstOff=0 zf=1
6	2d-06 T0 srcOff=256 (src unit 1)	mS=0 kS=0 mStep=1 kStep=1 src=1 dst=1 T=0 srcOff=256 dstOff=0 zf=1
7	2d-07 T0 srcOff=512 (src unit 2)	mS=0 kS=0 mStep=1 kStep=1 src=1 dst=1 T=0 srcOff=512 dstOff=0 zf=1
8	2d-08 T0 srcOff=768 (src unit 3)	mS=0 kS=0 mStep=1 kStep=1 src=1 dst=1 T=0 srcOff=768 dstOff=0 zf=1
9	2d-09 T1 dstOff=0   (dst unit 0)	mS=0 kS=0 mStep=1 kStep=1 src=1 dst=1 T=1 srcOff=0 dstOff=0 zf=1
10	2d-10 T1 dstOff=256 (dst unit 1)	mS=0 kS=0 mStep=1 kStep=1 src=1 dst=1 T=1 srcOff=0 dstOff=256 zf=1
11	2d-11 T1 dstOff=512 (dst unit 2)	mS=0 kS=0 mStep=1 kStep=1 src=1 dst=1 T=1 srcOff=0 dstOff=512 zf=1
12	2d-12 T1 dstOff=768 (dst unit 3)	mS=0 kS=0 mStep=1 kStep=1 src=1 dst=1 T=1 srcOff=0 dstOff=768 zf=1
13	2d-13 T1 dstOff=1024(dst unit 4)	mS=0 kS=0 mStep=1 kStep=1 src=1 dst=1 T=1 srcOff=0 dstOff=1024 zf=1
14	2d-14 T0 dstOff=0   (dst unit 0)	mS=0 kS=0 mStep=1 kStep=1 src=1 dst=1 T=0 srcOff=0 dstOff=0 zf=1
15	2d-15 T0 dstOff=256 (dst unit 1)	mS=0 kS=0 mStep=1 kStep=1 src=1 dst=1 T=0 srcOff=0 dstOff=256 zf=1
16	2d-16 T0 dstOff=512 (dst unit 2)	mS=0 kS=0 mStep=1 kStep=1 src=1 dst=1 T=0 srcOff=0 dstOff=512 zf=1
17	2d-17 T0 dstOff=768 (dst unit 3)	mS=0 kS=0 mStep=1 kStep=1 src=1 dst=1 T=0 srcOff=0 dstOff=768 zf=1
18	2d-18 T0 base (0,0,2,2,2,2)	mS=0 kS=0 mStep=2 kStep=2 src=2 dst=2 T=0 srcOff=0 dstOff=0 zf=1
19	2d-19 T0 mStep=1 (0,0,1,2,2,2)	mS=0 kS=0 mStep=1 kStep=2 src=2 dst=2 T=0 srcOff=0 dstOff=0 zf=1
20	2d-20 T0 mStep=4 (0,0,4,2,2,2)	mS=0 kS=0 mStep=4 kStep=2 src=2 dst=2 T=0 srcOff=0 dstOff=0 zf=1
21	2d-21 T0 kStep=1 (0,0,2,1,2,2)	mS=0 kS=0 mStep=2 kStep=1 src=2 dst=2 T=0 srcOff=0 dstOff=0 zf=1
22	2d-22 T0 kStep=4 (0,0,2,4,2,2)	mS=0 kS=0 mStep=2 kStep=4 src=2 dst=2 T=0 srcOff=0 dstOff=0 zf=1
23	2d-23 T0 srcStride=1 (0,0,2,2,1,2)	mS=0 kS=0 mStep=2 kStep=2 src=1 dst=2 T=0 srcOff=0 dstOff=0 zf=1
24	2d-24 T0 srcStride=3 (0,0,2,2,3,2)	mS=0 kS=0 mStep=2 kStep=2 src=3 dst=2 T=0 srcOff=0 dstOff=0 zf=1
25	2d-25 T0 dstStride=1 (0,0,2,2,2,1)	mS=0 kS=0 mStep=2 kStep=2 src=2 dst=1 T=0 srcOff=0 dstOff=0 zf=1
26	2d-26 T0 dstStride=4 (0,0,2,2,2,4)	mS=0 kS=0 mStep=2 kStep=2 src=2 dst=4 T=0 srcOff=0 dstOff=0 zf=1
27	2d-27 T0 mStart=1 (1,0,2,2,2,2)	mS=1 kS=0 mStep=2 kStep=2 src=2 dst=2 T=0 srcOff=0 dstOff=0 zf=1
28	2d-28 T0 kStart=1 (0,1,2,2,2,2)	mS=0 kS=1 mStep=2 kStep=2 src=2 dst=2 T=0 srcOff=0 dstOff=0 zf=1
29	2d-29 T0 mStart=16 (16,0,2,2,2,2)	mS=16 kS=0 mStep=2 kStep=2 src=2 dst=2 T=0 srcOff=0 dstOff=0 zf=1
30	2d-30 T0 kStart=16 (0,16,2,2,2,2)	mS=0 kS=16 mStep=2 kStep=2 src=2 dst=2 T=0 srcOff=0 dstOff=0 zf=1
31	2d-31 T0 srcStride=-2 (0,0,2,2,-2,2)	mS=0 kS=0 mStep=2 kStep=2 src=-2 dst=2 T=0 srcOff=0 dstOff=0 zf=1
32	2d-32 T1 base (0,0,2,2,2,2)	mS=0 kS=0 mStep=2 kStep=2 src=2 dst=2 T=1 srcOff=0 dstOff=0 zf=1
33	2d-33 T1 mStep=1 (0,0,1,2,2,2)	mS=0 kS=0 mStep=1 kStep=2 src=2 dst=2 T=1 srcOff=0 dstOff=0 zf=1
34	2d-34 T1 mStep=4 (0,0,4,2,2,2)	mS=0 kS=0 mStep=4 kStep=2 src=2 dst=2 T=1 srcOff=0 dstOff=0 zf=1
35	2d-35 T1 kStep=1 (0,0,2,1,2,2)	mS=0 kS=0 mStep=2 kStep=1 src=2 dst=2 T=1 srcOff=0 dstOff=0 zf=1
36	2d-36 T1 kStep=4 (0,0,2,4,2,2)	mS=0 kS=0 mStep=2 kStep=4 src=2 dst=2 T=1 srcOff=0 dstOff=0 zf=1
37	2d-37 T1 srcStride=1 (0,0,2,2,1,2)	mS=0 kS=0 mStep=2 kStep=2 src=1 dst=2 T=1 srcOff=0 dstOff=0 zf=1
38	2d-38 T1 srcStride=3 (0,0,2,2,3,2)	mS=0 kS=0 mStep=2 kStep=2 src=3 dst=2 T=1 srcOff=0 dstOff=0 zf=1
39	2d-39 T1 dstStride=1 (0,0,2,2,2,1)	mS=0 kS=0 mStep=2 kStep=2 src=2 dst=1 T=1 srcOff=0 dstOff=0 zf=1
40	2d-40 T1 dstStride=4 (0,0,2,2,2,4)	mS=0 kS=0 mStep=2 kStep=2 src=2 dst=4 T=1 srcOff=0 dstOff=0 zf=1
41	2d-41 T1 mStart=1 (1,0,2,2,2,2)	mS=1 kS=0 mStep=2 kStep=2 src=2 dst=2 T=1 srcOff=0 dstOff=0 zf=1
42	2d-42 T1 kStart=1 (0,1,2,2,2,2)	mS=0 kS=1 mStep=2 kStep=2 src=2 dst=2 T=1 srcOff=0 dstOff=0 zf=1
43	2d-43 T1 mStart=16 (16,0,2,2,2,2)	mS=16 kS=0 mStep=2 kStep=2 src=2 dst=2 T=1 srcOff=0 dstOff=0 zf=1
44	2d-44 T1 kStart=16 (0,16,2,2,2,2)	mS=0 kS=16 mStep=2 kStep=2 src=2 dst=2 T=1 srcOff=0 dstOff=0 zf=1
45	2d-45 T1 srcStride=-2 (0,0,2,2,-2,2)	mS=0 kS=0 mStep=2 kStep=2 src=-2 dst=2 T=1 srcOff=0 dstOff=0 zf=1
46	2d-46 BMM1-B params (0,0,16,8,16,16,T0) on 2-fractal src	mS=0 kS=0 mStep=16 kStep=8 src=16 dst=16 T=0 srcOff=0 dstOff=0 zf=1
47	2d-47 BMM2-A(P) params (0,0,1,16,1,1,T0) on 2-fractal src	mS=0 kS=0 mStep=1 kStep=16 src=1 dst=1 T=0 srcOff=0 dstOff=0 zf=1
48	2d-48 NO zerofill + NOP load → expect stale/nondet	mS=0 kS=0 mStep=0 kStep=0 src=1 dst=1 T=0 srcOff=0 dstOff=0 zf=0
