0	3d-00 zerofill + NOP-ish (l1H=0) → expect ALL ZERO	l1H=0 l1W=16 ch=32 kExt=32 mExt=16 kS=0 mS=0 sW=1 sH=1 fW=1 fH=1 T=1 srcOff=0 dstOff=0 zf=1
1	3d-01 A l1H=2 l1W=16 ch=32 kExt=32 mExt=16 T1	l1H=2 l1W=16 ch=32 kExt=32 mExt=16 kS=0 mS=0 sW=1 sH=1 fW=1 fH=1 T=1 srcOff=0 dstOff=0 zf=1
2	3d-02 A ... T0 (enTranspose=0) — 文档称 L0B 下无效	l1H=2 l1W=16 ch=32 kExt=32 mExt=16 kS=0 mS=0 sW=1 sH=1 fW=1 fH=1 T=0 srcOff=0 dstOff=0 zf=1
3	3d-03 A kExt=16	l1H=2 l1W=16 ch=32 kExt=16 mExt=16 kS=0 mS=0 sW=1 sH=1 fW=1 fH=1 T=1 srcOff=0 dstOff=0 zf=1
4	3d-04 A kExt=64	l1H=2 l1W=16 ch=32 kExt=64 mExt=16 kS=0 mS=0 sW=1 sH=1 fW=1 fH=1 T=1 srcOff=0 dstOff=0 zf=1
5	3d-05 A mExt=32	l1H=2 l1W=16 ch=32 kExt=32 mExt=32 kS=0 mS=0 sW=1 sH=1 fW=1 fH=1 T=1 srcOff=0 dstOff=0 zf=1
6	3d-06 A mExt=48	l1H=2 l1W=16 ch=32 kExt=32 mExt=48 kS=0 mS=0 sW=1 sH=1 fW=1 fH=1 T=1 srcOff=0 dstOff=0 zf=1
7	3d-07 A ch=16	l1H=2 l1W=16 ch=16 kExt=32 mExt=16 kS=0 mS=0 sW=1 sH=1 fW=1 fH=1 T=1 srcOff=0 dstOff=0 zf=1
8	3d-08 A ch=64	l1H=2 l1W=16 ch=64 kExt=32 mExt=16 kS=0 mS=0 sW=1 sH=1 fW=1 fH=1 T=1 srcOff=0 dstOff=0 zf=1
9	3d-09 A l1H=1	l1H=1 l1W=16 ch=32 kExt=32 mExt=16 kS=0 mS=0 sW=1 sH=1 fW=1 fH=1 T=1 srcOff=0 dstOff=0 zf=1
10	3d-10 A l1H=4	l1H=4 l1W=16 ch=32 kExt=32 mExt=16 kS=0 mS=0 sW=1 sH=1 fW=1 fH=1 T=1 srcOff=0 dstOff=0 zf=1
11	3d-11 A l1W=32	l1H=2 l1W=32 ch=32 kExt=32 mExt=16 kS=0 mS=0 sW=1 sH=1 fW=1 fH=1 T=1 srcOff=0 dstOff=0 zf=1
12	3d-12 A mStartPt=16	l1H=2 l1W=16 ch=32 kExt=32 mExt=16 kS=0 mS=16 sW=1 sH=1 fW=1 fH=1 T=1 srcOff=0 dstOff=0 zf=1
13	3d-13 A kStartPt=16	l1H=2 l1W=16 ch=32 kExt=32 mExt=16 kS=16 mS=0 sW=1 sH=1 fW=1 fH=1 T=1 srcOff=0 dstOff=0 zf=1
14	3d-14 A srcOff=256	l1H=2 l1W=16 ch=32 kExt=32 mExt=16 kS=0 mS=0 sW=1 sH=1 fW=1 fH=1 T=1 srcOff=256 dstOff=0 zf=1
15	3d-15 A srcOff=512	l1H=2 l1W=16 ch=32 kExt=32 mExt=16 kS=0 mS=0 sW=1 sH=1 fW=1 fH=1 T=1 srcOff=512 dstOff=0 zf=1
16	3d-16 A strideW=2	l1H=2 l1W=16 ch=32 kExt=32 mExt=16 kS=0 mS=0 sW=2 sH=1 fW=1 fH=1 T=1 srcOff=0 dstOff=0 zf=1
17	3d-17 A filterW=2	l1H=2 l1W=16 ch=32 kExt=32 mExt=16 kS=0 mS=0 sW=1 sH=1 fW=2 fH=1 T=1 srcOff=0 dstOff=0 zf=1
18	3d-18 A dstOff=512	l1H=2 l1W=16 ch=32 kExt=32 mExt=16 kS=0 mS=0 sW=1 sH=1 fW=1 fH=1 T=1 srcOff=0 dstOff=512 zf=1
19	3d-20 NC1HWC0 l1H=2 l1W=32 ch=16 kExt=32 mExt=32 T1	l1H=2 l1W=32 ch=16 kExt=32 mExt=32 kS=0 mS=0 sW=1 sH=1 fW=1 fH=1 T=1 srcOff=0 dstOff=0 zf=1
20	3d-21 NC1HWC0 l1H=2 l1W=32 ch=16 kExt=64 mExt=32 T1	l1H=2 l1W=32 ch=16 kExt=64 mExt=32 kS=0 mS=0 sW=1 sH=1 fW=1 fH=1 T=1 srcOff=0 dstOff=0 zf=1
21	3d-22 l1H=2 l1W=16 ch=16 kExt=32 mExt=32 T1	l1H=2 l1W=16 ch=16 kExt=32 mExt=32 kS=0 mS=0 sW=1 sH=1 fW=1 fH=1 T=1 srcOff=0 dstOff=0 zf=1
22	3d-23 l1H=4 l1W=16 ch=16 kExt=32 mExt=32 T1	l1H=4 l1W=16 ch=16 kExt=32 mExt=32 kS=0 mS=0 sW=1 sH=1 fW=1 fH=1 T=1 srcOff=0 dstOff=0 zf=1
23	3d-24 l1H=2 l1W=32 ch=16 kExt=32 mExt=16 T1	l1H=2 l1W=32 ch=16 kExt=32 mExt=16 kS=0 mS=0 sW=1 sH=1 fW=1 fH=1 T=1 srcOff=0 dstOff=0 zf=1
24	3d-25 l1H=2 l1W=32 ch=32 kExt=32 mExt=32 T1	l1H=2 l1W=32 ch=32 kExt=32 mExt=32 kS=0 mS=0 sW=1 sH=1 fW=1 fH=1 T=1 srcOff=0 dstOff=0 zf=1
25	3d-26 l1H=2 l1W=32 ch=32 kExt=32 mExt=32 T0	l1H=2 l1W=32 ch=32 kExt=32 mExt=32 kS=0 mS=0 sW=1 sH=1 fW=1 fH=1 T=0 srcOff=0 dstOff=0 zf=1
26	3d-27 l1H=2 l1W=32 ch=32 kExt=64 mExt=32 T1	l1H=2 l1W=32 ch=32 kExt=64 mExt=32 kS=0 mS=0 sW=1 sH=1 fW=1 fH=1 T=1 srcOff=0 dstOff=0 zf=1
27	3d-28 l1H=2 l1W=16 ch=32 kExt=32 mExt=16 T1 kS=16	l1H=2 l1W=16 ch=32 kExt=32 mExt=16 kS=16 mS=0 sW=1 sH=1 fW=1 fH=1 T=1 srcOff=0 dstOff=0 zf=1
28	3d-29 l1H=2 l1W=16 ch=32 kExt=32 mExt=16 T1 mS=16	l1H=2 l1W=16 ch=32 kExt=32 mExt=16 kS=0 mS=16 sW=1 sH=1 fW=1 fH=1 T=1 srcOff=0 dstOff=0 zf=1
