group,label,param,backend,ms_per_iter
models,llama3_1b,llama3_1b,compile_inductor,47.464
models,llama3_1b,llama3_1b,compile_max_autotune,61.865
models,llama3_1b,llama3_1b,compile_tensorrt,45.326
models,llama3_1b,llama3_1b,mega,44.264
models,llama3_1b,llama3_1b,eager,53.847
tokens,tok256,256,compile_inductor,6.896
tokens,tok256,256,compile_max_autotune,11.978
tokens,tok256,256,compile_tensorrt,6.701
tokens,tok256,256,mega,6.305
tokens,tok256,256,eager,7.820
tokens,tok512,512,compile_inductor,14.386
tokens,tok512,512,compile_max_autotune,18.715
tokens,tok512,512,compile_tensorrt,13.751
tokens,tok512,512,mega,12.525
tokens,tok512,512,eager,16.172
tokens,tok1024,1024,compile_inductor,14.905
tokens,tok1024,1024,compile_max_autotune,19.243
tokens,tok1024,1024,compile_tensorrt,14.243
tokens,tok1024,1024,mega,12.948
tokens,tok1024,1024,eager,16.744
tokens,tok2048,2048,compile_inductor,15.989
tokens,tok2048,2048,compile_max_autotune,20.188
tokens,tok2048,2048,compile_tensorrt,15.190
tokens,tok2048,2048,mega,14.081
tokens,tok2048,2048,eager,17.774
tokens,tok4096,4096,compile_inductor,18.012
tokens,tok4096,4096,compile_max_autotune,22.261
tokens,tok4096,4096,compile_tensorrt,17.114
tokens,tok4096,4096,mega,16.861
tokens,tok4096,4096,eager,19.813
layers,layers1,1,compile_inductor,0.861
layers,layers1,1,compile_max_autotune,2.009
layers,layers1,1,compile_tensorrt,0.845
layers,layers1,1,mega,0.797
layers,layers1,1,eager,0.976
layers,layers2,2,compile_inductor,1.720
layers,layers2,2,compile_max_autotune,3.150
layers,layers2,2,compile_tensorrt,1.681
layers,layers2,2,mega,1.580
layers,layers2,2,eager,1.953
layers,layers4,4,compile_inductor,3.445
layers,layers4,4,compile_max_autotune,5.709
layers,layers4,4,compile_tensorrt,3.365
layers,layers4,4,mega,3.152
layers,layers4,4,eager,3.915
layers,layers8,8,compile_inductor,6.916
layers,layers8,8,compile_max_autotune,11.925
layers,layers8,8,compile_tensorrt,6.709
layers,layers8,8,mega,6.333
layers,layers8,8,eager,7.855
layers,layers16,16,compile_inductor,13.831
layers,layers16,16,compile_max_autotune,29.852
layers,layers16,16,compile_tensorrt,13.430
layers,layers16,16,mega,12.634
layers,layers16,16,eager,15.732
width,h10,1280,compile_inductor,1.149
width,h10,1280,compile_max_autotune,2.258
width,h10,1280,compile_tensorrt,1.108
width,h10,1280,mega,1.069
width,h10,1280,eager,1.281
width,h12,1536,compile_inductor,1.428
width,h12,1536,compile_max_autotune,2.526
width,h12,1536,compile_tensorrt,1.491
width,h12,1536,mega,1.336
width,h12,1536,eager,1.573
width,h14,1792,compile_inductor,1.737
width,h14,1792,compile_max_autotune,2.809
width,h14,1792,compile_tensorrt,1.806
width,h14,1792,mega,1.643
width,h14,1792,eager,1.911
width,h16,2048,compile_inductor,2.039
width,h16,2048,compile_max_autotune,3.107
width,h16,2048,compile_tensorrt,2.140
width,h16,2048,mega,1.939
width,h16,2048,eager,2.215
width,h24,3072,compile_inductor,3.516
width,h24,3072,compile_max_autotune,4.480
width,h24,3072,compile_tensorrt,3.710
width,h24,3072,mega,3.473
width,h24,3072,eager,3.799
width,h32,4096,compile_inductor,5.332
width,h32,4096,compile_max_autotune,6.295
width,h32,4096,compile_tensorrt,5.664
width,h32,4096,mega,5.264
width,h32,4096,eager,5.883
